Name,Team,Age,Position,Apps,Mins,Goals,Assists,SpG,KeyP,Drb,Fouled,Off,Disp,UnsTch,Rating
Harry Kane,Tottenham,30,Forward,35,3087,23,14,3.914285714285714,1.4,1.4857142857142858,1.7142857142857142,0.37142857142857144,1.542857142857143,1.8,7.787142857142859
Kevin De Bruyne,Man City,32,Midfielder,25,2001,6,12,3.2,3.2,1.92,1.24,0.04,1.32,1.8,7.6536
Jack Grealish,Aston Villa,27,Midfielder,26,2184,6,10,1.9230769230769231,3.1153846153846154,2.5,4.230769230769231,0.2692307692307692,1.5,2.1153846153846154,7.560384615384615
Bruno Fernandes,Man Utd,28,Midfielder,37,3110,18,12,3.27027027027027,2.5675675675675675,0.6216216216216216,1.4054054054054055,0.08108108108108109,1.0,1.5135135135135136,7.429189189189188
Tomás Soucek,West Ham,28,Midfielder,38,3420,10,1,1.6842105263157894,0.47368421052631576,0.42105263157894735,1.131578947368421,0.05263157894736842,0.5526315789473685,1.105263157894737,7.36421052631579
Mason Mount,Chelsea,24,Midfielder,36,2892,6,5,2.2777777777777777,2.4166666666666665,1.1944444444444444,1.2222222222222223,0.1111111111111111,1.1388888888888888,1.5555555555555556,7.331388888888891
Sadio Mané,Liverpool,31,Forward,35,2813,11,7,2.6857142857142855,1.7428571428571429,2.342857142857143,2.2285714285714286,0.8857142857142857,1.7428571428571429,2.8857142857142857,7.328285714285716
Riyad Mahrez,Man City,32,Forward,27,1955,9,6,2.1481481481481484,1.6296296296296295,1.6666666666666667,1.1111111111111112,0.25925925925925924,1.0740740740740742,1.7037037037037037,7.313703703703704
João Cancelo,Man City,29,Defender,28,2302,2,3,1.25,1.6071428571428572,1.6785714285714286,0.6428571428571429,0.07142857142857142,0.75,1.2857142857142858,7.310714285714285
Gareth Bale,Tottenham,34,Forward,20,923,11,2,1.9,1.05,1.35,0.45,0.25,0.35,0.85,7.295
Nathaniel Phillips,Liverpool,26,Defender,17,1456,1,1,0.8823529411764706,0.4117647058823529,0.11764705882352941,0.5294117647058824,0.0,0.17647058823529413,0.47058823529411764,7.291176470588236
Ilkay Gündogan,Man City,32,Midfielder,28,2031,13,2,1.9285714285714286,1.5,0.9642857142857143,0.9285714285714286,0.03571428571428571,0.4642857142857143,1.0714285714285714,7.287142857142856
Son Heung-Min,Tottenham,31,Forward,37,3127,17,10,1.837837837837838,2.027027027027027,1.054054054054054,1.4594594594594594,0.43243243243243246,1.3513513513513513,1.5945945945945945,7.269189189189189
Wilfred Ndidi,Leicester,26,Midfielder,26,2179,1,4,0.6153846153846154,0.6153846153846154,0.6153846153846154,0.6153846153846154,0.0,0.5384615384615384,0.9615384615384616,7.248076923076923
Jesse Lingard,West Ham,30,Midfielder,16,1426,9,4,2.625,1.125,1.125,1.5,0.375,1.375,1.75,7.22125
Raphinha,Leeds,26,Forward,30,2364,6,9,2.2333333333333334,2.1333333333333333,1.8666666666666667,1.0333333333333334,0.4666666666666667,1.1333333333333333,2.8333333333333335,7.218000000000001
Raheem Sterling,Man City,28,Forward,31,2537,10,7,2.2580645161290325,1.2580645161290323,2.129032258064516,1.3225806451612903,0.2903225806451613,2.6774193548387095,2.0,7.216774193548388
James Rodríguez,Everton,32,Midfielder,23,1776,6,4,1.608695652173913,1.7391304347826086,1.4782608695652173,1.7391304347826086,0.2608695652173913,1.6521739130434783,1.434782608695652,7.214782608695652
Ollie Watkins,Aston Villa,27,Forward,37,3329,14,5,2.6216216216216215,1.2162162162162162,1.0810810810810811,1.3243243243243243,0.8378378378378378,2.2972972972972974,3.135135135135135,7.175945945945947
Kortney Hause,Aston Villa,28,Defender,7,630,1,0,0.7142857142857143,0.0,0.0,0.42857142857142855,0.0,0.0,0.14285714285714285,7.170000000000001
Rodri,Man City,27,Midfielder,34,2749,2,2,0.9411764705882353,0.9705882352941176,0.8235294117647058,0.8823529411764706,0.058823529411764705,0.6470588235294118,0.7352941176470589,7.169999999999999
Michail Antonio,West Ham,33,Forward,26,1984,10,5,2.423076923076923,1.0384615384615385,1.6538461538461537,1.5384615384615385,0.5769230769230769,1.8846153846153846,3.0,7.166538461538462
Dominic Calvert-Lewin,Everton,26,Forward,33,2876,16,0,2.515151515151515,0.5454545454545454,0.6666666666666666,1.2424242424242424,0.5454545454545454,0.8787878787878788,3.090909090909091,7.165757575757575
Jimmy Dunne,Burnley,25,Defender,3,270,1,0,2.3333333333333335,0.6666666666666666,0.3333333333333333,1.0,0.0,0.3333333333333333,0.3333333333333333,7.156666666666666
Aaron Wan-Bissaka,Man Utd,25,Defender,34,3060,2,4,0.20588235294117646,0.9117647058823529,1.0,0.4117647058823529,0.029411764705882353,0.6176470588235294,1.0,7.150000000000002
Phil Foden,Man City,23,Midfielder,28,1614,9,5,1.6071428571428572,1.2857142857142858,1.3571428571428572,1.2142857142857142,0.10714285714285714,0.5357142857142857,1.6785714285714286,7.1375
Joe Willock,Newcastle,24,Midfielder,14,980,8,0,1.3571428571428572,0.5714285714285714,1.5714285714285714,1.1428571428571428,0.0,1.1428571428571428,1.5,7.131428571428572
Marcus Rashford,Man Utd,25,Forward,37,2928,11,9,2.135135135135135,1.162162162162162,2.2162162162162162,1.135135135135135,0.7297297297297297,1.3513513513513513,2.081081081081081,7.127027027027025
Thiago Alcântara,Liverpool,32,Midfielder,24,1858,1,0,0.9166666666666666,1.25,1.375,1.0416666666666667,0.0,0.75,0.9583333333333334,7.120833333333334
Allan Saint-Maximin,Newcastle,26,Forward,25,1568,3,4,1.2,1.2,3.84,1.8,0.2,2.08,2.2,7.1156
Gabriel Jesus,Man City,26,Forward,29,2060,9,4,1.896551724137931,1.0689655172413792,1.6551724137931034,1.5862068965517242,0.5862068965517241,1.3103448275862069,2.0344827586206895,7.11448275862069
Pedro Neto,Wolves,23,Forward,31,2559,5,6,1.967741935483871,1.967741935483871,2.064516129032258,1.3548387096774193,0.12903225806451613,1.3225806451612903,2.4516129032258065,7.112903225806451
Adama Traoré,Wolves,27,Forward,37,2645,2,2,1.162162162162162,1.4864864864864864,4.135135135135135,2.324324324324324,0.1891891891891892,1.7567567567567568,3.027027027027027,7.1091891891891885
Roberto Firmino,Liverpool,31,Forward,36,2852,9,7,2.3055555555555554,1.2222222222222223,1.6388888888888888,0.4444444444444444,0.1111111111111111,1.3055555555555556,2.2222222222222223,7.107777777777777
Jamie Vardy,Leicester,36,Forward,34,2846,15,9,2.411764705882353,0.8235294117647058,0.7647058823529411,0.7352941176470589,1.0588235294117647,0.35294117647058826,1.7058823529411764,7.105588235294117
Mathew Ryan,Arsenal,31,Goalkeeper,3,270,0,0,0.0,0.3333333333333333,0.0,0.0,0.0,0.0,0.0,7.103333333333333
Youri Tielemans,Leicester,26,Midfielder,38,3358,6,4,1.2894736842105263,1.2894736842105263,1.131578947368421,1.4210526315789473,0.0,0.9210526315789473,1.0526315789473684,7.086842105263158
Lucas Digne,Everton,30,Defender,30,2682,0,7,0.43333333333333335,1.5333333333333334,0.6,0.7333333333333333,0.13333333333333333,0.6666666666666666,1.1,7.081666666666665
Christian Benteke,Crystal Palace,32,Forward,30,1819,10,1,2.3666666666666667,0.5,0.5333333333333333,0.6666666666666666,0.4666666666666667,0.9,1.9666666666666666,7.078000000000001
Bernardo Silva,Man City,29,Midfielder,26,2071,2,6,1.0769230769230769,1.0384615384615385,1.5769230769230769,0.6923076923076923,0.07692307692307693,0.8846153846153846,1.2692307692307692,7.074615384615385
Kurt Zouma,Chelsea,28,Defender,24,2025,5,0,1.125,0.16666666666666666,0.08333333333333333,0.25,0.0,0.16666666666666666,0.2916666666666667,7.071249999999999
Solly March,Brighton,29,Midfielder,21,1675,2,1,1.0476190476190477,1.2857142857142858,2.0952380952380953,1.2380952380952381,0.09523809523809523,1.1428571428571428,1.0476190476190477,7.0685714285714285
James Ward-Prowse,Southampton,28,Midfielder,38,3420,8,7,1.131578947368421,1.5789473684210527,0.4473684210526316,0.7105263157894737,0.0,0.3684210526315789,0.868421052631579,7.065789473684212
Mohamed Salah,Liverpool,31,Forward,37,3082,22,5,3.4054054054054053,1.5405405405405406,0.972972972972973,0.5945945945945946,0.35135135135135137,2.2162162162162162,3.135135135135135,7.0654054054054045
Liam Cooper,Leeds,31,Defender,25,2188,1,0,0.6,0.0,0.16,1.08,0.04,0.04,0.28,7.0636
Kiko Casilla,Leeds,36,Goalkeeper,3,270,0,0,0.0,0.0,0.0,0.0,0.0,0.0,0.0,7.0633333333333335
Sèrge Aurier,Tottenham,30,Defender,19,1609,2,3,0.7894736842105263,0.9473684210526315,0.8947368421052632,0.7894736842105263,0.05263157894736842,0.6842105263157895,1.5263157894736843,7.056842105263159
Paul Pogba,Man Utd,30,Midfielder,26,1896,3,3,1.1923076923076923,1.0,1.6923076923076923,1.4615384615384615,0.15384615384615385,1.9230769230769231,2.076923076923077,7.0565384615384605
Harry Maguire,Man Utd,30,Defender,34,3048,2,1,1.0588235294117647,0.20588235294117646,0.23529411764705882,0.9117647058823529,0.029411764705882353,0.17647058823529413,0.29411764705882354,7.042352941176471
John Stones,Man City,29,Defender,22,1934,4,0,0.6818181818181818,0.09090909090909091,0.45454545454545453,0.4090909090909091,0.045454545454545456,0.09090909090909091,0.18181818181818182,7.033636363636362
James Justin,Leicester,25,Defender,23,2070,2,1,0.43478260869565216,0.8695652173913043,0.782608695652174,1.6521739130434783,0.13043478260869565,0.6086956521739131,1.2608695652173914,7.03304347826087
Luke Shaw,Man Utd,28,Defender,32,2657,1,5,0.34375,2.25,1.125,0.875,0.09375,0.65625,0.78125,7.0328124999999995
Patrick Bamford,Leeds,29,Forward,38,3066,17,7,2.8157894736842106,0.7894736842105263,0.5,0.6052631578947368,0.47368421052631576,0.5526315789473685,2.1578947368421053,7.027631578947367
Caoimhín Kelleher,Liverpool,24,Goalkeeper,2,180,0,0,0.0,0.0,0.0,0.0,0.0,0.0,0.0,7.025
James Tarkowski,Burnley,30,Defender,36,3240,1,0,0.6111111111111112,0.3333333333333333,0.3333333333333333,0.8055555555555556,0.08333333333333333,0.1111111111111111,0.4722222222222222,7.0216666666666665
Antonio Rüdiger,Chelsea,30,Defender,19,1710,1,0,0.7368421052631579,0.15789473684210525,0.15789473684210525,0.5789473684210527,0.05263157894736842,0.05263157894736842,0.47368421052631576,7.019473684210527
Trent Alexander-Arnold,Liverpool,24,Defender,36,3033,2,7,1.5277777777777777,2.138888888888889,0.8888888888888888,0.25,0.1388888888888889,0.6111111111111112,0.8611111111111112,7.015
Wesley Fofana,Leicester,22,Defender,28,2265,0,0,0.39285714285714285,0.21428571428571427,0.5357142857142857,1.0357142857142858,0.07142857142857142,0.42857142857142855,0.9642857142857143,7.014642857142856
Declan Rice,West Ham,24,Midfielder,32,2880,2,1,0.84375,0.71875,0.90625,0.40625,0.0625,0.59375,1.0625,7.0143749999999985
Kalvin Phillips,Leeds,27,Midfielder,29,2431,1,2,0.5172413793103449,1.206896551724138,0.6896551724137931,1.0689655172413792,0.0,0.5517241379310345,1.4137931034482758,7.009655172413794
James Maddison,Leicester,26,Midfielder,31,2105,8,5,2.4193548387096775,1.6451612903225807,0.9354838709677419,1.8387096774193548,0.16129032258064516,1.064516129032258,1.8387096774193548,7.003870967741937
Ben Chilwell,Chelsea,26,Defender,27,2290,3,5,1.0,1.1111111111111112,0.5925925925925926,1.5185185185185186,0.2962962962962963,0.7037037037037037,1.2592592592592593,7.003703703703705
Emiliano Martínez,Aston Villa,30,Goalkeeper,38,3420,0,0,0.0,0.05263157894736842,0.0,0.21052631578947367,0.0,0.0,0.02631578947368421,7.0005263157894735
André-Frank Zambo Anguissa,Fulham,27,Midfielder,36,2587,0,3,0.9444444444444444,0.75,2.6666666666666665,0.75,0.0,1.3888888888888888,2.0,6.985277777777778
Yves Bissouma,Brighton,26,Midfielder,36,3114,1,0,1.1666666666666667,0.4444444444444444,1.4722222222222223,0.8888888888888888,0.0,0.8055555555555556,0.9166666666666666,6.984722222222222
Richarlison,Everton,26,Forward,34,2872,7,3,2.3823529411764706,0.7352941176470589,1.7941176470588236,2.1470588235294117,0.7352941176470589,1.6470588235294117,2.0294117647058822,6.982058823529411
Harvey Barnes,Leicester,25,Midfielder,25,1950,9,4,2.24,1.04,1.6,1.32,0.04,1.24,2.32,6.975599999999999
Alex Telles,Man Utd,30,Defender,9,692,0,2,0.5555555555555556,1.3333333333333333,0.3333333333333333,0.4444444444444444,0.1111111111111111,0.5555555555555556,0.5555555555555556,6.971111111111111
Okay Yokuslu,WBA,29,Midfielder,16,1319,0,1,0.75,0.375,1.1875,1.75,0.0625,0.5625,1.4375,6.96375
Jack Harrison,Leeds,26,Midfielder,36,2858,8,8,1.25,1.6388888888888888,1.1666666666666667,0.6388888888888888,0.3333333333333333,1.75,2.638888888888889,6.962777777777777
Matheus Pereira,WBA,27,Midfielder,33,2582,11,6,1.9696969696969697,1.8181818181818181,1.2121212121212122,1.5757575757575757,0.3939393939393939,1.3636363636363635,2.242424242424242,6.960909090909091
Joël Matip,Liverpool,32,Defender,10,693,1,2,0.5,0.3,0.0,0.4,0.0,0.1,0.3,6.955
Vladimír Coufal,West Ham,31,Defender,34,3055,0,7,0.4411764705882353,1.3235294117647058,0.4411764705882353,1.0,0.0,0.47058823529411764,1.0588235294117647,6.950000000000001
Pierre-Emile Højbjerg,Tottenham,28,Midfielder,38,3420,2,4,0.3684210526315789,0.42105263157894735,0.6052631578947368,1.394736842105263,0.0,0.5263157894736842,0.9736842105263158,6.946315789473684
Luke Ayling,Leeds,32,Defender,38,3400,0,0,0.631578947368421,0.7105263157894737,1.0789473684210527,1.4210526315789473,0.05263157894736842,0.5526315789473685,1.4473684210526316,6.942368421052633
Scott Carson,Man City,37,Goalkeeper,1,90,0,0,0.0,0.0,0.0,0.0,0.0,0.0,0.0,6.94
Reece James,Chelsea,23,Defender,32,2367,1,2,1.0625,1.3125,1.0625,0.53125,0.03125,0.71875,0.84375,6.9399999999999995
Oriol Romeu,Southampton,31,Midfielder,21,1768,1,1,0.6666666666666666,0.6666666666666666,0.6666666666666666,1.0952380952380953,0.0,0.8571428571428571,1.0952380952380953,6.931904761904762
Matty Cash,Aston Villa,26,Defender,28,2380,0,2,0.32142857142857145,0.75,0.42857142857142855,0.7857142857142857,0.07142857142857142,0.4642857142857143,0.7142857142857143,6.931785714285712
Scott McTominay,Man Utd,26,Midfielder,32,2128,4,1,0.8125,0.53125,0.8125,1.3125,0.03125,0.53125,1.28125,6.930624999999999
Ahmed Hegazy,WBA,32,Defender,1,90,0,0,0.0,0.0,0.0,0.0,0.0,0.0,3.0,6.93
Ben Mee,Burnley,33,Defender,30,2694,2,0,0.7333333333333333,0.2,0.13333333333333333,0.6333333333333333,0.03333333333333333,0.06666666666666667,0.3,6.926
Anthony Elanga,Man Utd,21,Forward,2,156,1,0,1.0,0.5,1.5,2.0,0.5,1.0,4.0,6.925000000000001
Fred,Man Utd,30,Midfielder,30,2397,1,0,0.8333333333333334,0.8333333333333334,0.8,1.0,0.03333333333333333,1.0,0.9666666666666667,6.920666666666666
Timothy Fosu-Mensah,Man Utd,25,Defender,1,81,0,0,1.0,2.0,2.0,0.0,1.0,2.0,0.0,6.92
César Azpilicueta,Chelsea,34,Defender,26,2191,1,2,0.4230769230769231,1.0384615384615385,0.23076923076923078,0.5384615384615384,0.19230769230769232,0.23076923076923078,0.6538461538461539,6.916153846153845
Ademola Lookman,Fulham,25,Forward,34,2756,4,4,2.0294117647058822,1.7941176470588236,2.411764705882353,1.7352941176470589,0.35294117647058826,2.1470588235294117,3.1470588235294117,6.9152941176470595
Michael Keane,Everton,30,Defender,35,2990,3,1,0.45714285714285713,0.2,0.11428571428571428,0.22857142857142856,0.0,0.14285714285714285,0.2,6.915142857142858
Rúben Dias,Man City,26,Defender,32,2845,1,0,0.4375,0.09375,0.1875,0.625,0.03125,0.125,0.3125,6.909687499999998
Thiago Silva,Chelsea,38,Defender,23,1938,2,0,0.5652173913043478,0.21739130434782608,0.08695652173913043,0.6956521739130435,0.0,0.08695652173913043,0.34782608695652173,6.906956521739128
Raúl Jiménez,Wolves,32,Forward,10,825,4,0,2.6,0.5,1.0,1.7,0.4,1.8,3.2,6.905999999999999
Illan Meslier,Leeds,23,Goalkeeper,35,3150,0,0,0.0,0.02857142857142857,0.0,0.2571428571428571,0.0,0.02857142857142857,0.05714285714285714,6.905714285714286
Diego Llorente,Leeds,30,Defender,15,1206,1,0,0.5333333333333333,0.26666666666666666,0.4,0.6,0.0,0.4666666666666667,0.7333333333333333,6.903333333333333
Matt Targett,Aston Villa,27,Defender,38,3405,0,2,0.15789473684210525,1.0,0.39473684210526316,0.5789473684210527,0.0,0.15789473684210525,0.631578947368421,6.902631578947369
Marcos Alonso,Chelsea,32,Defender,13,960,2,0,1.6923076923076923,1.1538461538461537,0.6923076923076923,0.9230769230769231,0.15384615384615385,0.6923076923076923,1.0,6.8999999999999995
Nélson Semedo,Wolves,29,Defender,34,2988,1,1,0.6764705882352942,0.6176470588235294,1.8235294117647058,1.0294117647058822,0.058823529411764705,0.7941176470588235,1.5588235294117647,6.8994117647058815
Diogo Jota,Liverpool,26,Forward,19,1113,9,0,2.4210526315789473,0.631578947368421,1.105263157894737,1.0526315789473684,0.05263157894736842,1.0526315789473684,2.0526315789473686,6.893684210526317
Jannik Vestergaard,Southampton,31,Defender,30,2575,3,0,0.7666666666666667,0.23333333333333334,0.23333333333333334,0.36666666666666664,0.0,0.2,0.43333333333333335,6.892333333333335
Arthur Masuaku,West Ham,29,Defender,12,1011,0,2,0.5,0.9166666666666666,2.4166666666666665,0.6666666666666666,0.08333333333333333,1.25,1.1666666666666667,6.890833333333333
Alexandre Lacazette,Arsenal,32,Forward,31,1931,13,2,1.4516129032258065,0.7096774193548387,0.7096774193548387,1.7419354838709677,0.25806451612903225,1.0,1.6129032258064515,6.887096774193549
Andros Townsend,Crystal Palace,32,Midfielder,34,2259,1,5,1.0588235294117647,1.1764705882352942,1.2941176470588236,1.588235294117647,0.058823529411764705,1.6470588235294117,1.3529411764705883,6.884999999999998
John McGinn,Aston Villa,28,Midfielder,37,3330,3,5,1.2162162162162162,1.135135135135135,1.4054054054054055,2.081081081081081,0.02702702702702703,0.9459459459459459,1.8108108108108107,6.884324324324322
Wilfried Zaha,Crystal Palace,30,Forward,30,2614,11,2,2.0,1.0,1.8,2.933333333333333,0.7333333333333333,2.6,3.6333333333333333,6.883666666666666
Andy Robertson,Liverpool,29,Defender,38,3386,1,7,0.5,1.736842105263158,0.7368421052631579,0.2631578947368421,0.21052631578947367,0.2894736842105263,1.105263157894737,6.877894736842106
Bukayo Saka,Arsenal,21,Midfielder,32,2562,5,3,1.90625,1.1875,1.4375,2.0,0.46875,1.3125,2.34375,6.877500000000002
Jorginho,Chelsea,31,Midfielder,28,2014,7,1,0.5,0.8571428571428571,0.6071428571428571,1.0357142857142858,0.0,0.5,0.6785714285714286,6.875357142857142
Jonny Evans,Leicester,35,Defender,28,2476,2,2,0.2857142857142857,0.35714285714285715,0.2857142857142857,0.42857142857142855,0.03571428571428571,0.14285714285714285,0.14285714285714285,6.872857142857144
Romain Saïss,Wolves,33,Defender,27,2408,3,0,1.037037037037037,0.18518518518518517,0.3333333333333333,0.4074074074074074,0.037037037037037035,0.07407407407407407,0.4074074074074074,6.868888888888889
Stuart Dallas,Leeds,32,Defender,38,3411,8,2,1.263157894736842,0.6842105263157895,0.5789473684210527,1.3421052631578947,0.0,0.8947368421052632,1.394736842105263,6.86605263157895
Dwight McNeil,Burnley,23,Forward,36,3071,2,5,0.7222222222222222,1.3333333333333333,1.75,1.1111111111111112,0.05555555555555555,1.7222222222222223,1.5833333333333333,6.865277777777778
Nick Pope,Burnley,31,Goalkeeper,32,2880,0,0,0.0,0.0625,0.0,0.15625,0.0,0.0,0.0625,6.864687499999999
Tanguy Ndombélé,Tottenham,26,Midfielder,33,2108,3,2,0.5454545454545454,0.42424242424242425,2.242424242424242,1.8484848484848484,0.0,1.0,1.7272727272727273,6.85969696969697
Yerry Mina,Everton,28,Defender,24,1939,2,0,0.7083333333333334,0.041666666666666664,0.041666666666666664,0.4583333333333333,0.0,0.041666666666666664,0.125,6.859583333333332
N'Golo Kanté,Chelsea,32,Midfielder,30,2146,0,2,0.3333333333333333,0.7333333333333333,0.8666666666666667,0.23333333333333334,0.0,0.5,1.6,6.857666666666669
Toby Alderweireld,Tottenham,34,Defender,25,2241,1,0,0.4,0.32,0.16,0.12,0.0,0.08,0.08,6.8552
Dani Ceballos,Arsenal,27,Midfielder,25,1616,0,3,0.52,1.08,1.04,0.96,0.0,0.6,0.92,6.854399999999999
Bertrand Traoré,Aston Villa,27,Midfielder,36,2338,7,6,1.7777777777777777,0.9722222222222222,1.4444444444444444,1.1111111111111112,0.19444444444444445,0.7222222222222222,1.9166666666666667,6.851666666666667
Fikayo Tomori,Chelsea,25,Defender,1,45,0,0,0.0,0.0,0.0,0.0,0.0,0.0,0.0,6.85
Gaetano Berardi,Leeds,35,Defender,2,114,0,0,0.5,0.0,0.0,0.0,0.0,0.0,0.0,6.85
Mateo Kovacic,Chelsea,29,Midfielder,27,1820,0,1,0.8518518518518519,0.7777777777777778,1.962962962962963,1.1111111111111112,0.0,0.8518518518518519,0.9629629629629629,6.844074074074074
Tom Cairney,Fulham,32,Midfielder,10,759,1,1,1.2,1.7,1.6,1.8,0.1,1.1,1.5,6.843999999999999
Joël Veltman,Brighton,31,Defender,28,2283,1,1,0.5,0.7857142857142857,0.6428571428571429,1.3928571428571428,0.0,0.25,0.6071428571428571,6.84392857142857
Martin Dúbravka,Newcastle,34,Goalkeeper,13,1170,0,0,0.0,0.0,0.0,0.38461538461538464,0.0,0.0,0.07692307692307693,6.843846153846155
Oleksandr Zinchenko,Man City,26,Defender,20,1474,0,0,0.8,0.75,0.3,0.2,0.05,0.3,0.75,6.842500000000001
Antonee Robinson,Fulham,26,Defender,28,2162,0,0,0.35714285714285715,1.0357142857142858,1.8214285714285714,0.2857142857142857,0.03571428571428571,0.7857142857142857,1.5714285714285714,6.842142857142854
Kelechi Iheanacho,Leicester,26,Forward,25,1458,12,2,2.36,1.12,1.28,0.52,0.36,1.36,2.28,6.8404
João Virgínia,Everton,23,Goalkeeper,1,47,0,0,0.0,0.0,0.0,0.0,0.0,0.0,0.0,6.84
Terence Kongolo,Fulham,29,Defender,1,90,0,0,0.0,0.0,0.0,1.0,0.0,0.0,0.0,6.84
Anthony Martial,Man Utd,27,Forward,22,1488,4,3,1.9545454545454546,0.7727272727272727,1.6363636363636365,1.2272727272727273,0.6818181818181818,1.6818181818181819,2.272727272727273,6.837272727272725
James McArthur,Crystal Palace,35,Midfielder,18,1471,0,2,0.3333333333333333,0.8333333333333334,0.7777777777777778,0.7777777777777778,0.0,0.6111111111111112,0.9444444444444444,6.837222222222223
Lewis Dunk,Brighton,31,Defender,33,2933,5,0,0.9696969696969697,0.30303030303030304,0.18181818181818182,0.6060606060606061,0.06060606060606061,0.030303030303030304,0.36363636363636365,6.836666666666669
Kyle Walker-Peters,Southampton,26,Defender,30,2649,0,2,0.6,0.5333333333333333,1.5333333333333334,1.4,0.23333333333333334,1.6333333333333333,1.2333333333333334,6.836666666666668
Danny Ings,Southampton,31,Forward,29,2185,12,4,1.9655172413793103,0.7586206896551724,1.0344827586206897,0.6206896551724138,0.6206896551724138,0.6206896551724138,2.2758620689655173,6.835172413793105
Callum Wilson,Newcastle,31,Forward,26,2086,12,5,1.8846153846153846,0.6538461538461539,1.0,1.5769230769230769,0.8461538461538461,1.5,2.8076923076923075,6.835000000000002
Trézéguet,Aston Villa,28,Midfielder,21,1166,2,1,1.6666666666666667,0.6190476190476191,0.8095238095238095,0.9047619047619048,0.19047619047619047,0.6190476190476191,1.3333333333333333,6.8342857142857145
Timothy Castagne,Leicester,27,Defender,27,2346,2,3,0.2962962962962963,0.8148148148148148,0.4074074074074074,0.5185185185185185,0.037037037037037035,0.4074074074074074,0.8888888888888888,6.824444444444445
Pascal Groß,Brighton,32,Midfielder,34,2482,3,8,0.9411764705882353,2.0588235294117645,0.2647058823529412,0.47058823529411764,0.14705882352941177,0.5,1.0294117647058822,6.819117647058823
Fabinho,Liverpool,29,Midfielder,30,2565,0,0,0.3333333333333333,0.13333333333333333,0.23333333333333334,0.9,0.0,0.23333333333333334,0.5666666666666667,6.817333333333331
Stuart Armstrong,Southampton,31,Midfielder,33,2774,4,5,1.6666666666666667,1.0606060606060606,2.0606060606060606,1.0606060606060606,0.12121212121212122,2.0606060606060606,2.3333333333333335,6.8157575757575755
Jordan Henderson,Liverpool,33,Midfielder,21,1708,1,1,0.6666666666666666,0.6666666666666666,0.42857142857142855,0.5238095238095238,0.0,0.23809523809523808,0.2857142857142857,6.815714285714286
Aaron Cresswell,West Ham,33,Defender,36,3172,0,8,0.5277777777777778,1.6111111111111112,0.1111111111111111,0.5,0.0,0.25,0.3611111111111111,6.812777777777778
Chris Wood,Burnley,31,Forward,33,2750,12,3,2.121212121212121,0.6666666666666666,0.21212121212121213,0.6666666666666666,0.7272727272727273,1.3333333333333333,2.393939393939394,6.811212121212121
Eberechi Eze,Crystal Palace,25,Midfielder,34,2565,4,6,1.088235294117647,1.2647058823529411,1.8823529411764706,2.1176470588235294,0.029411764705882353,1.088235294117647,1.6764705882352942,6.811176470588236
Rúben Neves,Wolves,26,Midfielder,36,2680,5,1,1.8611111111111112,0.9166666666666666,0.2777777777777778,0.4722222222222222,0.0,0.4444444444444444,0.7222222222222222,6.808888888888891
Fernandinho,Man City,38,Midfielder,21,1185,0,2,0.6666666666666666,0.6666666666666666,0.47619047619047616,0.5238095238095238,0.0,0.19047619047619047,0.3333333333333333,6.807619047619048
Timo Werner,Chelsea,27,Forward,35,2608,6,8,2.257142857142857,1.0285714285714285,0.8285714285714286,0.9142857142857143,0.7714285714285715,0.8,2.4571428571428573,6.807428571428571
Pascal Struijk,Leeds,24,Defender,27,2074,1,0,0.5185185185185185,0.14814814814814814,0.14814814814814814,0.25925925925925924,0.0,0.3333333333333333,0.37037037037037035,6.806296296296297
Tyrone Mings,Aston Villa,30,Defender,36,3195,2,2,0.5277777777777778,0.19444444444444445,0.16666666666666666,0.5,0.08333333333333333,0.1111111111111111,0.5277777777777778,6.8050000000000015
Jonjo Shelvey,Newcastle,31,Midfielder,30,2617,1,3,1.4,1.2333333333333334,0.6666666666666666,0.3333333333333333,0.0,0.16666666666666666,0.6333333333333333,6.8036666666666665
Leandro Trossard,Brighton,28,Forward,35,2622,5,5,1.6571428571428573,1.4285714285714286,1.1142857142857143,0.9142857142857143,0.14285714285714285,1.7142857142857142,1.9142857142857144,6.802571428571429
Andreas Christensen,Chelsea,27,Defender,17,1375,0,0,0.17647058823529413,0.35294117647058826,0.4117647058823529,0.4117647058823529,0.0,0.058823529411764705,0.5294117647058824,6.79764705882353
Joachim Andersen,Fulham,27,Defender,31,2730,1,1,0.41935483870967744,0.25806451612903225,0.2903225806451613,0.4838709677419355,0.03225806451612903,0.0967741935483871,0.3225806451612903,6.7945161290322575
Karl Darlow,Newcastle,32,Goalkeeper,25,2250,0,0,0.0,0.0,0.0,0.16,0.0,0.0,0.04,6.793999999999999
Calum Chambers,Arsenal,28,Defender,10,752,0,2,0.8,1.1,0.4,0.2,0.0,0.4,0.7,6.793000000000001
Rob Holding,Arsenal,27,Defender,30,2558,0,1,0.4666666666666667,0.13333333333333333,0.26666666666666666,0.16666666666666666,0.06666666666666667,0.2,0.4,6.785333333333335
Anwar El Ghazi,Aston Villa,28,Forward,28,1617,10,0,2.2857142857142856,0.9285714285714286,0.9285714285714286,1.0,0.17857142857142858,1.25,1.7142857142857142,6.783214285714284
Conor Hourihane,Aston Villa,32,Midfielder,4,228,1,1,1.25,1.25,0.0,0.0,0.0,0.0,0.25,6.7825
Abdoulaye Doucouré,Everton,30,Midfielder,29,2452,2,3,0.6206896551724138,0.7241379310344828,0.7241379310344828,0.41379310344827586,0.0,0.9310344827586207,1.206896551724138,6.780689655172415
Amad Diallo,Man Utd,21,Forward,3,167,0,1,0.3333333333333333,0.6666666666666666,1.6666666666666667,1.3333333333333333,0.0,1.6666666666666667,1.6666666666666667,6.78
Pablo Fornals,West Ham,27,Midfielder,33,2583,5,4,1.5151515151515151,0.9393939393939394,0.8787878787878788,0.5151515151515151,0.21212121212121213,0.6363636363636364,1.121212121212121,6.7772727272727264
Pierre-Emerick Aubameyang,Arsenal,34,Forward,29,2337,10,3,1.9655172413793103,0.7586206896551724,0.41379310344827586,0.6206896551724138,0.5862068965517241,0.6551724137931034,1.3448275862068966,6.776896551724137
Ben Godfrey,Everton,25,Defender,31,2683,0,2,0.45161290322580644,0.12903225806451613,0.2903225806451613,0.5483870967741935,0.12903225806451613,0.1935483870967742,0.8709677419354839,6.776774193548386
Ché Adams,Southampton,27,Forward,36,2675,9,5,1.5277777777777777,1.0277777777777777,0.7777777777777778,1.5277777777777777,0.5277777777777778,1.2222222222222223,2.4444444444444446,6.772777777777777
Adam Webster,Brighton,28,Defender,29,2595,1,0,0.8620689655172413,0.1724137931034483,0.5862068965517241,0.5172413793103449,0.034482758620689655,0.20689655172413793,0.9310344827586207,6.771724137931034
Kyle Bartley,WBA,32,Defender,30,2584,3,1,0.4666666666666667,0.23333333333333334,0.13333333333333333,0.26666666666666666,0.16666666666666666,0.06666666666666667,0.3,6.7713333333333345
Emile Smith Rowe,Arsenal,23,Midfielder,20,1448,2,4,0.65,1.35,0.5,1.0,0.2,0.35,1.9,6.771000000000001
Allan,Everton,32,Midfielder,24,2052,0,0,0.2916666666666667,0.7083333333333334,1.2916666666666667,1.25,0.0,0.75,0.875,6.769583333333334
Kyle Walker,Man City,33,Defender,24,1947,1,1,0.4166666666666667,0.3333333333333333,1.0,0.4583333333333333,0.041666666666666664,0.7083333333333334,0.6666666666666666,6.7683333333333335
Josh Brownhill,Burnley,27,Midfielder,33,2816,0,1,1.0303030303030303,0.5454545454545454,0.45454545454545453,0.9696969696969697,0.06060606060606061,0.45454545454545453,1.0606060606060606,6.760000000000002
Aymeric Laporte,Man City,29,Defender,16,1343,0,0,0.375,0.25,0.125,0.5625,0.125,0.0625,0.5,6.7593749999999995
Ferran Torres,Man City,23,Forward,24,1306,7,2,1.5,0.7916666666666666,0.8333333333333334,0.7083333333333334,0.20833333333333334,0.875,1.0416666666666667,6.755416666666666
Nicolas Pépé,Arsenal,28,Forward,29,1614,10,1,1.6551724137931034,0.3793103448275862,0.9655172413793104,0.896551724137931,0.13793103448275862,0.7931034482758621,1.9310344827586208,6.755172413793104
Ross Barkley,Aston Villa,29,Midfielder,24,1537,3,1,1.5833333333333333,1.625,1.2083333333333333,0.7083333333333334,0.20833333333333334,1.3333333333333333,1.5833333333333333,6.751666666666668
Hugo Lloris,Tottenham,36,Goalkeeper,38,3420,0,0,0.0,0.0,0.0,0.13157894736842105,0.0,0.02631578947368421,0.02631578947368421,6.7505263157894735
Willy Boly,Wolves,32,Defender,21,1880,1,1,0.7142857142857143,0.14285714285714285,0.19047619047619047,0.38095238095238093,0.0,0.14285714285714285,0.47619047619047616,6.74904761904762
Dan Burn,Brighton,31,Defender,27,2060,1,0,0.6296296296296297,0.37037037037037035,0.4444444444444444,0.2222222222222222,0.14814814814814814,0.3333333333333333,1.037037037037037,6.74888888888889
Sébastien Haller,West Ham,29,Forward,16,935,3,0,1.5625,0.625,0.5625,0.9375,0.625,1.375,2.5625,6.748750000000001
Ezri Konsa,Aston Villa,25,Defender,36,3193,2,0,0.6111111111111112,0.05555555555555555,0.16666666666666666,1.5,0.027777777777777776,0.19444444444444445,0.5,6.748055555555556
Jarrod Bowen,West Ham,26,Forward,38,2579,8,5,1.4473684210526316,0.7631578947368421,0.9473684210526315,1.4210526315789473,0.39473684210526316,1.3157894736842106,1.6578947368421053,6.747894736842104
Matt Doherty,Tottenham,31,Defender,17,1239,0,2,0.17647058823529413,0.6470588235294118,0.29411764705882354,0.7058823529411765,0.0,0.5294117647058824,1.1176470588235294,6.747647058823531
Thomas Partey,Arsenal,30,Midfielder,24,1537,0,2,1.0833333333333333,0.5,1.1666666666666667,0.7083333333333334,0.0,0.4166666666666667,0.875,6.74625
Joelinton,Newcastle,27,Forward,31,1990,4,2,1.4193548387096775,0.5483870967741935,1.1935483870967742,1.1612903225806452,0.1935483870967742,1.3548387096774193,2.5806451612903225,6.745161290322579
Christian Pulisic,Chelsea,24,Midfielder,27,1738,4,2,1.5925925925925926,0.9259259259259259,1.8148148148148149,1.2222222222222223,0.14814814814814814,1.0740740740740742,2.4814814814814814,6.7444444444444445
Marc Albrighton,Leicester,33,Midfielder,31,1744,1,5,0.6774193548387096,1.2258064516129032,1.1935483870967742,0.6129032258064516,0.12903225806451613,0.9354838709677419,1.096774193548387,6.744193548387098
Çaglar Söyüncü,Leicester,27,Defender,23,1816,1,0,0.43478260869565216,0.30434782608695654,0.17391304347826086,0.6521739130434783,0.0,0.17391304347826086,0.34782608695652173,6.743043478260868
Alphonse Areola,Fulham,30,Goalkeeper,36,3240,0,0,0.0,0.0,0.0,0.1388888888888889,0.0,0.0,0.027777777777777776,6.742222222222221
Christian Fuchs,Leicester,37,Defender,9,702,0,0,0.4444444444444444,0.1111111111111111,0.0,0.5555555555555556,0.0,0.1111111111111111,0.2222222222222222,6.742222222222221
Sam Johnstone,WBA,30,Goalkeeper,37,3330,0,1,0.0,0.02702702702702703,0.0,0.13513513513513514,0.0,0.0,0.0,6.739189189189188
Alisson Becker,Liverpool,30,Goalkeeper,33,2970,1,0,0.030303030303030304,0.0,0.06060606060606061,0.18181818181818182,0.0,0.0,0.0,6.733939393939394
Granit Xhaka,Arsenal,30,Midfielder,31,2522,1,2,0.6774193548387096,0.5483870967741935,0.25806451612903225,1.1935483870967742,0.03225806451612903,0.3870967741935484,0.6451612903225806,6.73258064516129
Tosin Adarabioyo,Fulham,25,Defender,33,2954,0,0,0.5454545454545454,0.15151515151515152,0.3333333333333333,0.18181818181818182,0.06060606060606061,0.15151515151515152,0.36363636363636365,6.7321212121212115
Angelo Ogbonna,West Ham,35,Defender,28,2493,3,0,0.4642857142857143,0.14285714285714285,0.10714285714285714,0.32142857142857145,0.03571428571428571,0.17857142857142858,0.14285714285714285,6.728571428571429
Gabriel Magalhães,Arsenal,25,Defender,23,1997,2,0,0.6956521739130435,0.08695652173913043,0.21739130434782608,1.1304347826086956,0.0,0.2608695652173913,0.21739130434782608,6.72782608695652
Callum Hudson-Odoi,Chelsea,22,Forward,23,1060,2,3,1.0,1.391304347826087,0.6521739130434783,0.34782608695652173,0.21739130434782608,0.6521739130434783,0.6086956521739131,6.726956521739131
Tariq Lamptey,Brighton,22,Defender,11,891,1,1,0.5454545454545454,0.9090909090909091,1.1818181818181819,2.5454545454545454,0.09090909090909091,0.5454545454545454,1.9090909090909092,6.725454545454546
David McGoldrick,Sheff Utd,35,Forward,35,2402,8,1,2.0285714285714285,0.4857142857142857,1.3428571428571427,0.9428571428571428,0.4857142857142857,1.2571428571428571,2.5142857142857142,6.724857142857143
Mason Greenwood,Man Utd,21,Forward,31,1826,7,2,2.161290322580645,0.45161290322580644,1.1612903225806452,0.6451612903225806,0.12903225806451613,0.9354838709677419,1.1290322580645162,6.71967741935484
Martin Ødegaard,Arsenal,24,Midfielder,14,866,1,2,1.0714285714285714,1.4285714285714286,0.9285714285714286,0.6428571428571429,0.07142857142857142,0.7857142857142857,1.0,6.718571428571429
Sergio Reguilón,Tottenham,26,Defender,27,2249,0,3,0.7407407407407407,0.6296296296296297,0.8148148148148148,0.7037037037037037,0.037037037037037035,0.5555555555555556,1.2592592592592593,6.7162962962962975
Conor Townsend,WBA,30,Defender,25,2235,0,2,0.44,0.92,0.44,1.0,0.08,0.28,1.32,6.7156
Ozan Kabak,Liverpool,23,Defender,9,803,0,0,0.1111111111111111,0.1111111111111111,0.3333333333333333,0.3333333333333333,0.0,0.3333333333333333,0.4444444444444444,6.715555555555557
Matthew Lowton,Burnley,34,Defender,34,3060,1,1,0.6176470588235294,0.7647058823529411,0.7941176470588235,0.38235294117647056,0.0,0.29411764705882354,1.1176470588235294,6.714999999999999
Pablo Marí,Arsenal,29,Defender,10,900,0,0,0.2,0.1,0.3,0.4,0.0,0.0,0.1,6.714
Robin Olsen,Everton,33,Goalkeeper,7,630,0,0,0.0,0.0,0.0,0.14285714285714285,0.0,0.0,0.0,6.7128571428571435
David Button,WBA,34,Goalkeeper,1,90,0,0,0.0,0.0,0.0,0.0,0.0,0.0,0.0,6.71
Fabián Balbuena,West Ham,32,Defender,14,1198,1,0,0.5714285714285714,0.0,0.07142857142857142,0.21428571428571427,0.0,0.0,0.21428571428571427,6.708571428571429
Rhys Williams,Liverpool,22,Defender,9,661,0,0,0.7777777777777778,0.2222222222222222,0.0,0.2222222222222222,0.0,0.0,0.0,6.706666666666667
Hakim Ziyech,Chelsea,30,Midfielder,23,1180,2,3,1.5217391304347827,1.4782608695652173,0.8260869565217391,0.6521739130434783,0.17391304347826086,0.6956521739130435,1.2608695652173914,6.706521739130435
Jan Bednarek,Southampton,27,Defender,36,3104,1,1,0.2777777777777778,0.1388888888888889,0.1388888888888889,0.3611111111111111,0.0,0.1388888888888889,0.3055555555555556,6.701666666666667
Japhet Tanganga,Tottenham,24,Defender,6,489,0,0,0.3333333333333333,0.16666666666666666,1.5,1.1666666666666667,0.0,0.8333333333333334,0.3333333333333333,6.698333333333333
Tyrick Mitchell,Crystal Palace,23,Defender,19,1710,1,1,0.10526315789473684,0.15789473684210525,0.5789473684210527,0.5789473684210527,0.0,0.631578947368421,0.8421052631578947,6.697894736842105
Ethan Ampadu,Sheff Utd,22,Defender,25,2091,0,0,0.28,0.44,0.52,1.0,0.04,0.2,0.64,6.6975999999999996
Tammy Abraham,Chelsea,25,Forward,22,1036,6,1,1.4545454545454546,0.4090909090909091,0.2727272727272727,0.5454545454545454,0.18181818181818182,0.3181818181818182,1.5,6.695909090909091
Fraser Forster,Southampton,35,Goalkeeper,8,720,0,0,0.0,0.0,0.0,0.375,0.0,0.0,0.0,6.695
Victor Lindelöf,Man Utd,29,Defender,29,2586,1,1,0.13793103448275862,0.20689655172413793,0.06896551724137931,0.27586206896551724,0.034482758620689655,0.10344827586206896,0.27586206896551724,6.694482758620691
Kenny Tete,Fulham,27,Defender,22,1483,0,1,0.3181818181818182,0.8181818181818182,0.45454545454545453,0.8181818181818182,0.09090909090909091,0.36363636363636365,0.8636363636363636,6.693636363636363
Chris Basham,Sheff Utd,35,Defender,31,2586,0,1,0.3225806451612903,0.3548387096774194,0.6774193548387096,0.9032258064516129,0.1935483870967742,0.6129032258064516,0.967741935483871,6.69290322580645
Héctor Bellerín,Arsenal,28,Defender,25,2093,1,2,0.6,0.8,0.48,0.28,0.04,0.2,0.96,6.691999999999999
Daniel Podence,Wolves,27,Midfielder,24,1679,3,2,1.3333333333333333,0.875,1.5833333333333333,1.125,0.16666666666666666,1.0,1.4583333333333333,6.682916666666666
Kieran Tierney,Arsenal,26,Defender,27,2302,1,3,0.5555555555555556,1.1481481481481481,0.5925925925925926,0.6666666666666666,0.0,0.5185185185185185,0.8888888888888888,6.680740740740741
Mbaye Diagne,WBA,31,Forward,16,1194,3,2,1.5625,0.5625,0.625,1.4375,1.0625,1.1875,1.625,6.675625000000001
Oliver McBurnie,Sheff Utd,27,Forward,23,1319,1,0,1.3043478260869565,0.6521739130434783,0.17391304347826086,1.1304347826086956,0.17391304347826086,0.7391304347826086,1.0,6.674347826086956
João Moutinho,Wolves,36,Midfielder,33,2534,1,1,0.42424242424242425,1.393939393939394,0.3939393939393939,0.696969696969697,0.0,0.3333333333333333,0.48484848484848486,6.674242424242425
Douglas Luiz,Aston Villa,25,Midfielder,33,2790,0,2,0.7878787878787878,0.5757575757575758,0.696969696969697,1.4545454545454546,0.0,0.5454545454545454,0.7575757575757576,6.673939393939393
Edinson Cavani,Man Utd,36,Forward,26,1372,10,3,1.3076923076923077,0.5384615384615384,0.23076923076923078,0.5,0.23076923076923078,0.38461538461538464,1.1923076923076923,6.673076923076923
Rodrigo,Leeds,32,Forward,26,1291,7,2,1.7692307692307692,1.1923076923076923,0.6153846153846154,0.34615384615384615,0.11538461538461539,0.8076923076923077,1.5,6.673076923076923
Craig Dawson,West Ham,33,Defender,22,1926,3,0,0.7272727272727273,0.09090909090909091,0.0,0.5454545454545454,0.09090909090909091,0.0,0.22727272727272727,6.670909090909092
Charlie Taylor,Burnley,29,Defender,29,2429,0,1,0.10344827586206896,0.41379310344827586,0.8620689655172413,1.1724137931034482,0.034482758620689655,0.3103448275862069,0.7241379310344828,6.6703448275862085
Davinson Sánchez,Tottenham,27,Defender,18,1487,0,0,0.2777777777777778,0.05555555555555555,0.05555555555555555,0.4444444444444444,0.0,0.16666666666666666,0.3888888888888889,6.67
Isaac Hayden,Newcastle,28,Midfielder,24,1946,0,0,0.6666666666666666,0.2916666666666667,0.2916666666666667,0.7083333333333334,0.041666666666666664,0.5833333333333334,0.8333333333333334,6.668333333333334
Gylfi Sigurdsson,Everton,33,Midfielder,36,2256,6,5,1.3611111111111112,1.2222222222222223,0.3888888888888889,0.5,0.0,0.7777777777777778,1.25,6.667777777777779
Danny Welbeck,Brighton,32,Forward,24,1547,6,1,1.4583333333333333,0.9166666666666666,0.75,0.7083333333333334,0.20833333333333334,0.5416666666666666,2.125,6.664166666666667
Paul Dummett,Newcastle,31,Defender,15,1256,1,0,0.2,0.26666666666666666,0.2,0.26666666666666666,0.0,0.0,0.6,6.664
Jacob Murphy,Newcastle,28,Midfielder,26,1621,2,3,1.1538461538461537,0.7307692307692307,1.5,0.8846153846153846,0.07692307692307693,0.9615384615384616,1.2692307692307692,6.663076923076924
Mohammed Salisu,Southampton,24,Defender,12,843,0,0,0.3333333333333333,0.16666666666666666,0.75,0.3333333333333333,0.0,0.5833333333333334,1.0,6.662499999999999
Eric Dier,Tottenham,29,Defender,28,2520,0,0,0.5,0.21428571428571427,0.10714285714285714,0.42857142857142855,0.0,0.03571428571428571,0.42857142857142855,6.659285714285715
Gabriel Martinelli,Arsenal,22,Forward,14,588,2,1,1.4285714285714286,0.6428571428571429,0.9285714285714286,0.2857142857142857,0.07142857142857142,0.5,1.5714285714285714,6.657857142857144
Harrison Reed,Fulham,28,Midfielder,31,2251,0,2,0.41935483870967744,0.6774193548387096,0.4838709677419355,0.8064516129032258,0.0,0.3225806451612903,0.6451612903225806,6.655483870967741
Miguel Almirón,Newcastle,29,Midfielder,34,2438,4,1,0.9705882352941176,0.9117647058823529,1.1470588235294117,1.1470588235294117,0.17647058823529413,1.0,1.411764705882353,6.655294117647061
Luke Thomas,Leicester,22,Defender,14,972,1,0,0.5,0.5,0.42857142857142855,1.1428571428571428,0.0,0.8571428571428571,1.0714285714285714,6.652857142857142
Willian,Arsenal,35,Forward,25,1407,1,5,0.8,1.28,0.52,0.84,0.16,0.6,0.92,6.651600000000002
Séamus Coleman,Everton,34,Defender,25,1612,0,3,0.48,0.76,0.8,0.68,0.0,0.92,1.08,6.650400000000001
Leander Dendoncker,Wolves,28,Midfielder,33,2501,1,0,0.9393939393939394,0.5151515151515151,0.21212121212121213,0.36363636363636365,0.12121212121212122,0.3333333333333333,0.9090909090909091,6.65030303030303
Jeffrey Schlupp,Crystal Palace,30,Midfielder,27,1426,2,3,0.6666666666666666,0.6666666666666666,1.1481481481481481,0.6296296296296297,0.0,1.5185185185185186,1.1851851851851851,6.64962962962963
Dean Henderson,Man Utd,26,Goalkeeper,13,1125,0,0,0.0,0.0,0.0,0.0,0.0,0.0,0.0,6.648461538461539
Jordan Pickford,Everton,29,Goalkeeper,31,2743,0,0,0.0,0.03225806451612903,0.0,0.12903225806451613,0.0,0.0,0.0,6.647096774193549
Ahmed El Mohamady,Aston Villa,35,Defender,14,832,0,0,0.6428571428571429,0.9285714285714286,0.14285714285714285,0.21428571428571427,0.0,0.21428571428571427,0.35714285714285715,6.642857142857143
Issa Diop,West Ham,26,Defender,18,1379,2,0,0.16666666666666666,0.05555555555555555,0.16666666666666666,0.4444444444444444,0.05555555555555555,0.1111111111111111,0.3333333333333333,6.642777777777778
Sergio Agüero,Man City,35,Forward,12,559,4,1,1.5833333333333333,0.5833333333333334,0.6666666666666666,0.5833333333333334,0.08333333333333333,0.9166666666666666,1.25,6.641666666666668
Ciaran Clark,Newcastle,33,Defender,22,1893,1,0,0.36363636363636365,0.09090909090909091,0.18181818181818182,0.5,0.045454545454545456,0.045454545454545456,0.5,6.641363636363635
Federico Fernández,Newcastle,34,Defender,24,2083,0,0,0.16666666666666666,0.2916666666666667,0.0,0.625,0.0,0.08333333333333333,0.3333333333333333,6.635833333333333
Matt Ritchie,Newcastle,33,Midfielder,18,1352,0,2,0.6111111111111112,1.3888888888888888,0.4444444444444444,1.0555555555555556,0.05555555555555555,0.2777777777777778,0.6666666666666666,6.635555555555555
Mason Holgate,Everton,26,Defender,28,2290,1,0,0.17857142857142858,0.2857142857142857,0.2857142857142857,1.0357142857142858,0.03571428571428571,0.21428571428571427,0.5,6.634642857142857
Conor Gallagher,WBA,23,Midfielder,30,2532,2,2,0.9666666666666667,0.6666666666666666,1.0,2.1,0.0,1.2,2.066666666666667,6.633666666666667
Ashley Westwood,Burnley,33,Midfielder,38,3411,3,3,0.5263157894736842,1.394736842105263,0.34210526315789475,1.105263157894737,0.0,0.2894736842105263,0.7631578947368421,6.633421052631578
Lucas Moura,Tottenham,31,Forward,30,1403,3,4,0.6,0.5333333333333333,1.1,1.5666666666666667,0.1,1.2333333333333334,1.6,6.630333333333334
Emerson,Chelsea,29,Defender,2,89,0,0,0.0,0.0,0.0,0.0,0.0,0.0,1.0,6.630000000000001
Benjamin Mendy,Man City,29,Defender,13,955,2,1,0.46153846153846156,0.38461538461538464,0.8461538461538461,0.0,0.07692307692307693,0.38461538461538464,1.2307692307692308,6.6269230769230765
Ola Aina,Fulham,26,Defender,31,2671,2,1,0.45161290322580644,0.4838709677419355,0.6774193548387096,0.8064516129032258,0.06451612903225806,0.3225806451612903,0.8709677419354839,6.626774193548387
Lukasz Fabianski,West Ham,38,Goalkeeper,35,3150,0,0,0.0,0.0,0.0,0.05714285714285714,0.0,0.0,0.02857142857142857,6.6248571428571426
Darnell Furlong,WBA,27,Defender,35,2932,1,3,0.7428571428571429,0.45714285714285713,0.2857142857142857,0.9428571428571428,0.08571428571428572,0.2857142857142857,1.1428571428571428,6.6245714285714286
Georginio Wijnaldum,Liverpool,32,Midfielder,38,2947,2,0,0.8157894736842105,0.5526315789473685,0.8947368421052632,0.631578947368421,0.0,0.7105263157894737,1.0,6.622894736842106
Giovani Lo Celso,Tottenham,27,Midfielder,18,950,1,1,0.8333333333333334,0.8333333333333334,0.4444444444444444,1.1111111111111112,0.0,0.7777777777777778,1.1666666666666667,6.617222222222222
Ezgjan Alioski,Leeds,31,Defender,36,2466,2,3,0.6944444444444444,0.7777777777777778,0.3055555555555556,1.2222222222222223,0.16666666666666666,0.4166666666666667,1.0277777777777777,6.616666666666668
Daniel James,Man Utd,25,Midfielder,15,914,3,1,1.1333333333333333,0.6666666666666666,0.7333333333333333,0.9333333333333333,0.26666666666666666,0.6,1.4,6.614000000000001
Ederson,Man City,30,Goalkeeper,36,3240,0,1,0.0,0.027777777777777776,0.0,0.1111111111111111,0.0,0.0,0.05555555555555555,6.613333333333334
Ricardo Pereira,Leicester,29,Defender,15,959,0,1,0.4666666666666667,0.6666666666666666,0.8666666666666667,0.5333333333333333,0.0,1.0666666666666667,1.4,6.613333333333332
Jack Robinson,Sheff Utd,29,Defender,11,875,0,1,0.5454545454545454,0.09090909090909091,0.2727272727272727,0.5454545454545454,0.0,0.18181818181818182,0.45454545454545453,6.606363636363636
Fábio Carvalho,Fulham,20,Midfielder,4,255,1,0,2.25,0.5,2.0,0.5,0.0,2.25,2.75,6.605
Kai Havertz,Chelsea,24,Midfielder,27,1522,4,3,1.2222222222222223,0.6666666666666666,0.7037037037037037,0.5555555555555556,0.25925925925925924,0.9629629629629629,2.037037037037037,6.6
Ben White,Brighton,25,Defender,36,3195,0,0,0.2777777777777778,0.2222222222222222,0.6666666666666666,0.25,0.027777777777777776,0.2777777777777778,0.6388888888888888,6.59888888888889
Ayoze Pérez,Leicester,30,Forward,25,1333,2,1,1.24,0.92,1.16,0.92,0.28,0.96,1.48,6.598000000000001
Jamaal Lascelles,Newcastle,29,Defender,19,1628,2,0,0.7894736842105263,0.15789473684210525,0.21052631578947367,0.47368421052631576,0.0,0.05263157894736842,0.3157894736842105,6.597368421052631
Mario Lemina,Fulham,29,Midfielder,28,1705,1,0,0.6785714285714286,0.42857142857142855,0.9285714285714286,0.5357142857142857,0.0,0.7857142857142857,0.9285714285714286,6.597142857142856
Robert Sánchez,Brighton,25,Goalkeeper,27,2430,0,0,0.0,0.037037037037037035,0.0,0.18518518518518517,0.0,0.0,0.14814814814814814,6.59074074074074
Saïd Benrahma,West Ham,28,Forward,30,1392,1,6,1.1666666666666667,0.9,1.4,0.5,0.06666666666666667,1.1,1.6,6.590333333333334
Naby Keïta,Liverpool,28,Midfielder,10,524,0,0,0.9,0.6,0.8,0.2,0.0,0.8,1.4,6.590000000000001
Robin Koch,Leeds,27,Defender,17,1131,0,0,0.5294117647058824,0.23529411764705882,0.23529411764705882,0.47058823529411764,0.0,0.0,0.29411764705882354,6.589411764705882
Maximilian Kilman,Wolves,26,Defender,18,1307,0,1,0.3888888888888889,0.2777777777777778,0.3888888888888889,0.2222222222222222,0.0,0.1111111111111111,0.2222222222222222,6.587777777777778
John Egan,Sheff Utd,30,Defender,31,2630,0,1,0.45161290322580644,0.0967741935483871,0.0,0.3225806451612903,0.0,0.03225806451612903,0.16129032258064516,6.580000000000002
Curtis Jones,Liverpool,22,Midfielder,24,1178,1,2,0.7916666666666666,0.5,0.9166666666666666,0.5416666666666666,0.041666666666666664,1.3333333333333333,0.9166666666666666,6.578749999999999
Nemanja Matic,Man Utd,35,Midfielder,20,1102,0,0,0.3,0.4,0.85,0.3,0.0,0.4,0.7,6.578500000000001
Scott Dann,Crystal Palace,36,Defender,15,1350,1,0,0.26666666666666666,0.06666666666666667,0.26666666666666666,0.3333333333333333,0.0,0.0,0.3333333333333333,6.576000000000001
Nathan Aké,Man City,28,Defender,10,797,1,0,0.3,0.1,0.0,0.4,0.0,0.1,0.2,6.574000000000001
Joe Rodon,Tottenham,25,Defender,12,732,0,0,0.08333333333333333,0.0,0.0,0.6666666666666666,0.08333333333333333,0.0,0.16666666666666666,6.572500000000001
Neal Maupay,Brighton,27,Forward,33,2519,8,2,2.1515151515151514,0.9696969696969697,0.7272727272727273,1.3333333333333333,0.36363636363636365,1.4545454545454546,2.242424242424242,6.571818181818183
Gary Cahill,Crystal Palace,37,Defender,20,1800,1,1,0.55,0.4,0.05,0.15,0.15,0.05,0.35,6.571
Cheikhou Kouyaté,Crystal Palace,33,Midfielder,36,3123,1,0,0.19444444444444445,0.2222222222222222,0.2777777777777778,0.4166666666666667,0.0,0.2222222222222222,0.4722222222222222,6.570833333333334
Theo Walcott,Southampton,34,Forward,21,1629,3,3,1.380952380952381,0.8095238095238095,0.8095238095238095,1.4285714285714286,0.38095238095238093,1.2857142857142858,2.6666666666666665,6.563809523809523
Bernardo,Brighton,28,Defender,3,204,0,0,1.3333333333333333,0.6666666666666666,0.0,0.3333333333333333,0.0,1.3333333333333333,0.3333333333333333,6.5633333333333335
Ben Davies,Tottenham,30,Defender,20,1340,0,1,0.15,0.4,0.15,0.65,0.05,0.1,0.25,6.561
Édouard Mendy,Chelsea,31,Goalkeeper,31,2746,0,0,0.0,0.0,0.0,0.0967741935483871,0.0,0.0,0.0,6.560645161290322
Rayan Aït-Nouri,Wolves,22,Defender,21,1406,1,1,0.7142857142857143,0.6666666666666666,1.2380952380952381,0.9047619047619048,0.047619047619047616,0.9047619047619048,1.4285714285714286,6.558095238095239
Bernd Leno,Arsenal,31,Goalkeeper,35,3132,0,0,0.0,0.0,0.0,0.11428571428571428,0.0,0.02857142857142857,0.0,6.555428571428571
Luka Milivojevic,Crystal Palace,32,Midfielder,31,2365,1,1,0.6129032258064516,0.6774193548387096,0.25806451612903225,1.064516129032258,0.0,0.6129032258064516,0.41935483870967744,6.554838709677418
Aaron Ramsdale,Sheff Utd,25,Goalkeeper,38,3420,0,0,0.0,0.05263157894736842,0.05263157894736842,0.13157894736842105,0.0,0.0,0.05263157894736842,6.5523684210526305
Nathan Redmond,Southampton,29,Midfielder,29,1731,2,3,1.5517241379310345,1.0,1.3448275862068966,0.5172413793103449,0.10344827586206896,1.2758620689655173,1.4137931034482758,6.5520689655172415
Joel Ward,Crystal Palace,33,Defender,26,2255,0,1,0.07692307692307693,0.2692307692307692,0.46153846153846156,0.46153846153846156,0.038461538461538464,0.3076923076923077,0.9230769230769231,6.551538461538461
Rúnar Alex Rúnarsson,Arsenal,28,Goalkeeper,1,16,0,0,0.0,0.0,0.0,0.0,0.0,0.0,0.0,6.55
Kasper Schmeichel,Leicester,36,Goalkeeper,38,3420,0,0,0.0,0.0,0.02631578947368421,0.10526315789473684,0.0,0.0,0.0,6.547894736842106
Kean Bryan,Sheff Utd,26,Defender,13,1007,1,0,0.23076923076923078,0.3076923076923077,0.23076923076923078,0.15384615384615385,0.0,0.07692307692307693,0.7692307692307693,6.546923076923078
Ivan Cavaleiro,Fulham,29,Forward,36,2476,3,0,1.3055555555555556,1.1944444444444444,1.4722222222222223,0.7777777777777778,0.25,1.3888888888888888,2.7777777777777777,6.544444444444444
Alex Iwobi,Everton,27,Forward,30,1543,1,2,0.5,0.5333333333333333,1.5,0.4,0.0,0.8666666666666667,1.3666666666666667,6.540333333333334
Juan Mata,Man Utd,35,Midfielder,9,510,1,2,0.5555555555555556,0.8888888888888888,0.2222222222222222,0.4444444444444444,0.2222222222222222,0.6666666666666666,0.7777777777777778,6.536666666666666
Jayden Bogle,Sheff Utd,23,Defender,16,1109,2,0,1.0625,0.25,0.6875,0.5625,0.0625,1.0625,1.25,6.5325
Conor Coady,Wolves,30,Defender,37,3304,1,0,0.1891891891891892,0.08108108108108109,0.16216216216216217,0.2702702702702703,0.0,0.08108108108108109,0.24324324324324326,6.5321621621621615
Jack Stephens,Southampton,29,Defender,18,1539,0,0,0.3333333333333333,0.3333333333333333,0.1111111111111111,0.5,0.0,0.2777777777777778,0.6666666666666666,6.52111111111111
Bobby De Cordova-Reid,Fulham,30,Forward,33,2383,5,2,1.0303030303030303,0.42424242424242425,0.8181818181818182,0.6060606060606061,0.09090909090909091,0.7272727272727273,1.5151515151515151,6.5178787878787885
Marvelous Nakamba,Aston Villa,29,Midfielder,13,751,0,0,0.15384615384615385,0.15384615384615385,0.3076923076923077,0.7692307692307693,0.0,0.15384615384615385,0.6153846153846154,6.516923076923077
Darren Randolph,West Ham,36,Goalkeeper,3,270,0,0,0.0,0.0,0.0,0.3333333333333333,0.0,0.0,0.0,6.516666666666667
Olivier Giroud,Chelsea,36,Forward,17,747,4,0,1.7058823529411764,0.35294117647058826,0.11764705882352941,0.35294117647058826,0.35294117647058826,0.35294117647058826,1.0,6.516470588235293
Jordan Ayew,Crystal Palace,31,Forward,33,2098,1,3,0.7878787878787878,0.3939393939393939,1.5757575757575757,1.9090909090909092,0.15151515151515152,1.8181818181818181,2.484848484848485,6.515454545454546
Mateusz Klich,Leeds,33,Midfielder,35,2399,4,5,1.0285714285714285,1.2571428571428571,0.37142857142857144,0.5714285714285714,0.17142857142857143,0.6285714285714286,1.1428571428571428,6.514285714285715
John Fleck,Sheff Utd,32,Midfielder,31,2577,0,2,0.5483870967741935,1.064516129032258,0.967741935483871,0.9032258064516129,0.0,0.7741935483870968,0.967741935483871,6.514193548387096
Robert Brady,Burnley,31,Midfielder,19,1055,1,1,0.8421052631578947,0.3684210526315789,0.5789473684210527,0.47368421052631576,0.05263157894736842,0.47368421052631576,0.8947368421052632,6.512105263157893
Jack Cork,Burnley,34,Midfielder,16,1353,0,0,0.3125,0.5,0.3125,0.75,0.0,0.8125,0.875,6.5112499999999995
Robert Snodgrass,WBA,35,Midfielder,8,527,0,0,0.5,0.375,0.5,1.625,0.125,0.5,1.0,6.508750000000001
Dara O'Shea,WBA,24,Defender,28,2102,0,0,0.10714285714285714,0.17857142857142858,0.17857142857142858,0.6071428571428571,0.0,0.14285714285714285,0.35714285714285715,6.507857142857143
David Luiz,Arsenal,36,Defender,20,1400,1,0,0.75,0.1,0.15,0.25,0.05,0.1,0.2,6.505000000000001
Ruben Loftus-Cheek,Fulham,27,Midfielder,30,1913,1,0,1.1666666666666667,0.5666666666666667,1.2666666666666666,1.7,0.1,1.3666666666666667,2.433333333333333,6.503333333333333
Aleksandar Mitrovic,Fulham,28,Forward,27,1390,3,3,2.185185185185185,0.8518518518518519,0.25925925925925924,0.8518518518518519,0.1111111111111111,0.6296296296296297,2.2222222222222223,6.498888888888888
Rui Patrício,Wolves,35,Goalkeeper,37,3330,0,0,0.0,0.0,0.0,0.02702702702702703,0.0,0.0,0.02702702702702703,6.49783783783784
Alex McCarthy,Southampton,33,Goalkeeper,30,2700,0,0,0.0,0.0,0.06666666666666667,0.06666666666666667,0.0,0.0,0.03333333333333333,6.492333333333334
Steven Bergwijn,Tottenham,25,Forward,21,1214,1,3,0.7142857142857143,0.6190476190476191,1.0476190476190477,0.7619047619047619,0.047619047619047616,0.7142857142857143,1.4285714285714286,6.489047619047618
Neco Williams,Liverpool,22,Defender,6,249,0,0,0.3333333333333333,0.5,0.8333333333333334,1.0,0.0,0.5,0.16666666666666666,6.488333333333333
Dele Alli,Tottenham,27,Midfielder,15,619,0,1,0.8,0.6,0.7333333333333333,0.8,0.06666666666666667,1.0666666666666667,0.8666666666666667,6.487333333333334
Jóhann Gudmundsson,Burnley,32,Midfielder,22,1369,2,0,0.8636363636363636,0.4090909090909091,0.45454545454545453,0.7272727272727273,0.045454545454545456,0.5454545454545454,0.7727272727272727,6.48590909090909
Oliver Norwood,Sheff Utd,32,Midfielder,32,2226,0,0,0.34375,1.0,0.0625,0.25,0.0,0.21875,0.46875,6.4815625
Cédric Soares,Arsenal,31,Defender,10,745,0,1,0.7,0.6,0.5,0.5,0.0,0.9,1.0,6.481
Ainsley Maitland-Niles,WBA,26,Midfielder,15,1233,0,0,0.6666666666666666,0.26666666666666666,1.0666666666666667,0.9333333333333333,0.0,1.6,2.1333333333333333,6.480666666666666
Joe Gomez,Liverpool,26,Defender,7,590,0,0,0.0,0.14285714285714285,0.5714285714285714,0.8571428571428571,0.0,0.42857142857142855,0.2857142857142857,6.480000000000001
James Milner,Liverpool,37,Midfielder,26,1062,0,1,0.46153846153846156,0.5,0.23076923076923078,0.4230769230769231,0.0,0.46153846153846156,0.46153846153846156,6.478076923076923
Emil Krafth,Newcastle,29,Defender,16,1290,1,0,0.4375,0.375,0.1875,0.5625,0.0625,0.25,0.5625,6.471875
David de Gea,Man Utd,32,Goalkeeper,26,2296,0,0,0.0,0.0,0.038461538461538464,0.11538461538461539,0.0,0.0,0.0,6.471538461538462
Cengiz Ünder,Leicester,26,Midfielder,9,275,0,2,1.0,0.6666666666666666,1.6666666666666667,0.3333333333333333,0.2222222222222222,1.0,0.8888888888888888,6.468888888888889
Patrick van Aanholt,Crystal Palace,33,Defender,22,1776,0,1,0.8181818181818182,0.5454545454545454,0.45454545454545453,0.13636363636363635,0.13636363636363635,0.2727272727272727,1.0909090909090908,6.468181818181819
Max Lowe,Sheff Utd,26,Defender,8,552,0,0,0.25,0.25,0.875,0.375,0.0,0.5,1.0,6.467499999999999
Ashley Barnes,Burnley,33,Forward,22,1337,3,0,1.7272727272727273,0.9090909090909091,0.045454545454545456,2.227272727272727,0.7727272727272727,0.9545454545454546,2.0,6.466818181818181
Jonny Otto,Wolves,29,Defender,7,501,0,0,0.14285714285714285,0.2857142857142857,0.42857142857142855,1.5714285714285714,0.0,1.0,1.1428571428571428,6.461428571428572
Tom Davies,Everton,25,Midfielder,25,1426,0,1,0.28,0.24,0.72,1.04,0.0,0.4,0.84,6.459200000000001
André Gomes,Everton,30,Midfielder,28,1568,0,1,0.5,0.5357142857142857,1.1071428571428572,0.5,0.07142857142857142,1.1071428571428572,1.1071428571428572,6.457142857142857
Vicente Guaita,Crystal Palace,36,Goalkeeper,37,3330,0,0,0.0,0.0,0.0,0.16216216216216217,0.0,0.0,0.0,6.455405405405405
Rúben Vinagre,Wolves,24,Defender,2,172,0,0,0.0,0.5,1.0,0.0,0.0,3.0,0.5,6.455
Adam Lallana,Brighton,35,Midfielder,30,1592,1,1,0.7333333333333333,0.8333333333333334,0.6,0.6666666666666666,0.1,0.5,0.8,6.454666666666668
Virgil van Dijk,Liverpool,32,Defender,5,371,1,0,0.8,0.0,0.0,0.4,0.2,0.0,0.2,6.45
Moussa Sissoko,Tottenham,34,Midfielder,25,1577,0,0,0.12,0.16,0.72,0.36,0.0,0.56,0.72,6.444800000000002
Willian José,Wolves,31,Forward,17,1114,1,0,1.1176470588235294,0.7058823529411765,0.47058823529411764,0.5882352941176471,0.11764705882352941,0.7647058823529411,1.7058823529411764,6.444117647058825
Ainsley Maitland-Niles,Arsenal,26,Midfielder,11,486,0,0,0.18181818181818182,0.18181818181818182,0.5454545454545454,0.2727272727272727,0.18181818181818182,0.6363636363636364,0.9090909090909091,6.44
Marçal,Wolves,34,Defender,13,622,0,0,0.15384615384615385,0.3076923076923077,0.5384615384615384,0.23076923076923078,0.0,0.15384615384615385,0.46153846153846156,6.438461538461539
Alexis Mac Allister,Brighton,24,Midfielder,21,1117,1,1,1.1428571428571428,0.7142857142857143,0.7619047619047619,0.7142857142857143,0.0,0.7619047619047619,1.3333333333333333,6.438095238095237
Erik Pieters,Burnley,35,Defender,20,1262,0,1,0.2,0.25,0.3,1.05,0.05,0.5,0.6,6.437
Ryan Fredericks,West Ham,30,Defender,14,567,1,1,0.2857142857142857,0.8571428571428571,0.21428571428571427,0.7142857142857143,0.07142857142857142,0.21428571428571427,0.21428571428571427,6.436428571428571
Daniel Jebbison,Sheff Utd,20,Forward,4,284,1,0,1.0,0.25,0.5,1.0,0.25,1.25,2.0,6.432499999999999
John Ruddy,Wolves,36,Goalkeeper,2,91,0,0,0.0,0.0,0.0,0.0,0.0,0.0,0.0,6.43
Tyler Roberts,Leeds,24,Forward,27,1341,1,2,0.9629629629629629,0.5925925925925926,0.6296296296296297,1.1851851851851851,0.2962962962962963,0.5555555555555556,1.1851851851851851,6.4292592592592595
Sander Berge,Sheff Utd,25,Midfielder,15,1120,1,1,0.6666666666666666,0.8666666666666667,1.3333333333333333,0.26666666666666666,0.13333333333333333,0.8666666666666667,1.6,6.425333333333333
Mohamed Elneny,Arsenal,31,Midfielder,23,1542,1,0,0.391304347826087,0.17391304347826086,0.17391304347826086,0.43478260869565216,0.0,0.17391304347826086,0.30434782608695654,6.425217391304348
Takumi Minamino,Southampton,28,Midfielder,10,717,2,0,1.3,0.5,0.4,1.1,0.1,0.6,1.6,6.42
Theo Corbeanu,Wolves,21,Forward,1,8,0,0,0.0,1.0,0.0,0.0,0.0,0.0,2.0,6.42
Ryan Bertrand,Southampton,34,Defender,29,2599,0,1,0.27586206896551724,0.4827586206896552,0.10344827586206896,1.206896551724138,0.10344827586206896,0.27586206896551724,0.8620689655172413,6.414827586206895
Dennis Praet,Leicester,29,Midfielder,15,724,1,1,0.5333333333333333,0.4666666666666667,0.4,0.13333333333333333,0.0,0.6,0.7333333333333333,6.414666666666666
Steven Alzate,Brighton,24,Midfielder,15,898,1,0,0.4666666666666667,0.7333333333333333,0.5333333333333333,0.4,0.06666666666666667,0.6,0.8666666666666667,6.412
Bernard,Everton,30,Midfielder,12,450,1,0,0.5,0.8333333333333334,0.8333333333333334,0.5833333333333334,0.0,0.9166666666666666,1.3333333333333333,6.41
Grady Diangana,WBA,25,Midfielder,20,1239,1,0,0.7,0.25,1.25,1.75,0.2,1.9,2.6,6.406499999999999
Callum Robinson,WBA,28,Forward,28,1567,5,0,1.1071428571428572,0.5714285714285714,0.5357142857142857,0.6785714285714286,0.2857142857142857,0.8571428571428571,1.3928571428571428,6.406071428571428
Manuel Lanzini,West Ham,30,Midfielder,17,560,1,1,0.7058823529411765,0.6470588235294118,0.35294117647058826,0.5882352941176471,0.17647058823529413,0.5294117647058824,0.8235294117647058,6.405882352941177
Eric Bailly,Man Utd,29,Defender,12,915,0,0,0.16666666666666666,0.0,0.3333333333333333,0.3333333333333333,0.0,0.0,0.5833333333333334,6.405833333333334
Daniel Amartey,Leicester,28,Defender,13,722,1,0,0.23076923076923078,0.0,0.07692307692307693,0.07692307692307693,0.0,0.23076923076923078,0.38461538461538464,6.401538461538461
Takumi Minamino,Liverpool,28,Midfielder,9,289,1,0,0.7777777777777778,0.0,0.7777777777777778,0.2222222222222222,0.1111111111111111,0.5555555555555556,0.7777777777777778,6.401111111111111
Ben Osborn,Sheff Utd,29,Midfielder,24,1606,1,0,0.375,0.7083333333333334,0.7916666666666666,0.625,0.16666666666666666,1.0416666666666667,1.75,6.399583333333333
Semi Ajayi,WBA,29,Defender,33,2780,2,0,0.3939393939393939,0.21212121212121213,0.30303030303030304,0.12121212121212122,0.030303030303030304,0.15151515151515152,0.7272727272727273,6.397272727272727
Sam Field,WBA,25,Midfielder,3,62,0,0,0.0,0.0,0.3333333333333333,0.3333333333333333,0.0,0.3333333333333333,0.6666666666666666,6.396666666666667
Tim Ream,Fulham,35,Defender,7,630,0,0,0.0,0.0,0.14285714285714285,0.0,0.0,0.14285714285714285,0.2857142857142857,6.395714285714285
Percy Tau,Brighton,29,Forward,3,102,0,1,0.0,1.0,1.0,0.3333333333333333,0.0,0.3333333333333333,1.6666666666666667,6.3933333333333335
Xherdan Shaqiri,Liverpool,31,Midfielder,14,553,0,2,0.7857142857142857,1.3571428571428572,0.42857142857142855,0.42857142857142855,0.0,0.5,0.9285714285714286,6.392142857142858
Joe Bryan,Fulham,29,Defender,16,666,1,0,0.5,0.3125,0.875,0.4375,0.0,0.1875,0.8125,6.390625
Phil Bardsley,Burnley,38,Defender,4,273,0,0,0.75,0.0,0.75,1.0,0.0,0.25,0.25,6.390000000000001
Josh Maja,Fulham,24,Forward,15,810,3,0,1.4,0.4666666666666667,0.5333333333333333,0.4666666666666667,0.13333333333333333,0.8666666666666667,1.7333333333333334,6.39
Fabian Schär,Newcastle,31,Defender,18,1247,1,0,0.6666666666666666,0.0,0.3888888888888889,0.8333333333333334,0.05555555555555555,0.2777777777777778,0.2222222222222222,6.389444444444445
Enda Stevens,Sheff Utd,33,Defender,30,2700,0,1,0.5333333333333333,0.5666666666666667,0.6666666666666666,0.3333333333333333,0.1,0.9666666666666667,1.5,6.387666666666664
James Tomkins,Crystal Palace,34,Defender,8,552,0,0,0.25,0.125,0.0,0.125,0.0,0.0,0.375,6.3875
Ben Johnson,West Ham,23,Defender,14,519,1,0,0.21428571428571427,0.2857142857142857,0.2857142857142857,0.21428571428571427,0.0,0.42857142857142855,0.2857142857142857,6.387142857142858
Morgan Gibbs-White,Wolves,23,Midfielder,11,412,1,0,0.9090909090909091,0.7272727272727273,0.7272727272727273,0.9090909090909091,0.09090909090909091,0.45454545454545453,1.6363636363636365,6.384545454545454
Ryan Fraser,Newcastle,29,Midfielder,18,927,0,2,0.7222222222222222,1.4444444444444444,0.16666666666666666,1.1111111111111112,0.0,0.2777777777777778,0.6666666666666666,6.382777777777778
Javier Manquillo,Newcastle,29,Defender,13,826,0,0,0.07692307692307693,0.38461538461538464,0.07692307692307693,0.6153846153846154,0.0,0.5384615384615384,1.1538461538461537,6.373846153846153
Carlos Vinícius,Tottenham,28,Forward,9,306,1,0,0.7777777777777778,0.2222222222222222,0.3333333333333333,0.3333333333333333,0.2222222222222222,0.7777777777777778,1.8888888888888888,6.3711111111111105
Filip Krovinovic,WBA,28,Midfielder,11,545,0,0,0.7272727272727273,0.45454545454545453,0.7272727272727273,1.0909090909090908,0.0,0.45454545454545453,1.0909090909090908,6.370909090909092
Harry Winks,Tottenham,27,Midfielder,15,861,0,0,0.26666666666666666,0.26666666666666666,0.26666666666666666,0.8,0.0,0.2,0.4,6.369333333333333
Moussa Djenepo,Southampton,25,Midfielder,27,1240,1,0,0.5185185185185185,0.2222222222222222,1.0,1.4444444444444444,0.1111111111111111,0.6296296296296297,1.8148148148148149,6.365555555555557
Nampalys Mendy,Leicester,31,Midfielder,23,1458,0,1,0.17391304347826086,0.21739130434782608,0.2608695652173913,1.2608695652173914,0.0,0.4782608695652174,0.782608695652174,6.364347826086955
Matej Vydra,Burnley,31,Forward,28,1368,3,2,1.25,0.5,0.5714285714285714,0.4642857142857143,0.42857142857142855,0.7857142857142857,1.8571428571428572,6.363928571428572
Sean Longstaff,Newcastle,25,Midfielder,22,1406,0,1,0.6818181818181818,0.5454545454545454,0.18181818181818182,0.9545454545454546,0.0,0.2727272727272727,0.7727272727272727,6.361363636363635
Erik Lamela,Tottenham,31,Midfielder,23,708,1,0,0.9130434782608695,0.391304347826087,1.0869565217391304,0.43478260869565216,0.0,0.5652173913043478,0.8695652173913043,6.360434782608697
Keinan Davis,Aston Villa,25,Forward,15,266,1,1,0.6,0.4,0.6,0.3333333333333333,0.0,0.26666666666666666,0.6666666666666666,6.3580000000000005
Ki-Jana Hoever,Wolves,21,Defender,12,574,0,0,0.08333333333333333,0.25,1.0833333333333333,0.3333333333333333,0.08333333333333333,0.5,1.0,6.3566666666666665
Jack O'Connell,Sheff Utd,29,Defender,2,180,0,0,0.0,0.0,0.0,0.0,0.5,0.0,1.0,6.355
George Baldock,Sheff Utd,30,Defender,32,2789,0,2,0.40625,0.5625,0.53125,0.65625,0.3125,0.625,1.03125,6.354062500000001
DeAndre Yedlin,Newcastle,30,Defender,6,437,0,0,0.3333333333333333,0.5,0.16666666666666666,0.6666666666666666,0.16666666666666666,0.16666666666666666,1.1666666666666667,6.353333333333333
Owen Otasowie,Wolves,22,Midfielder,6,187,0,1,0.6666666666666666,0.3333333333333333,0.5,1.0,0.0,0.5,1.1666666666666667,6.3500000000000005
Donny van de Beek,Man Utd,26,Midfielder,19,515,1,1,0.10526315789473684,0.15789473684210525,0.42105263157894735,0.3157894736842105,0.0,0.42105263157894735,0.5789473684210527,6.348947368421053
Matt Phillips,WBA,32,Midfielder,33,1829,2,1,0.6666666666666666,0.7878787878787878,0.7272727272727273,0.21212121212121213,0.24242424242424243,0.7575757575757576,1.5757575757575757,6.344848484848486
Ross Barkley,Chelsea,29,Midfielder,2,40,0,0,0.5,0.5,0.5,1.0,0.5,0.5,1.0,6.34
Jairo Riedewald,Crystal Palace,26,Midfielder,33,1819,2,0,0.24242424242424243,0.36363636363636365,0.3939393939393939,0.18181818181818182,0.0,0.2727272727272727,0.8484848484848485,6.338181818181818
Jamal Lewis,Newcastle,25,Defender,24,1833,0,1,0.125,0.5833333333333334,0.5,0.6666666666666666,0.041666666666666664,0.5416666666666666,0.7083333333333334,6.3374999999999995
Nathaniel Clyne,Crystal Palace,32,Defender,13,1147,0,1,0.3076923076923077,0.3076923076923077,0.3076923076923077,0.15384615384615385,0.0,0.15384615384615385,0.6153846153846154,6.334615384615384
Jeff Hendrick,Newcastle,31,Midfielder,22,1423,2,1,0.45454545454545453,0.2727272727272727,0.4090909090909091,0.5454545454545454,0.13636363636363635,0.6818181818181818,0.6363636363636364,6.330000000000001
Eddie Nketiah,Arsenal,24,Forward,17,415,2,1,0.7058823529411765,0.47058823529411764,0.4117647058823529,0.6470588235294118,0.0,0.29411764705882354,0.7647058823529411,6.329411764705882
Michy Batshuayi,Crystal Palace,29,Forward,18,724,2,1,0.6666666666666666,0.5,0.6111111111111112,0.2777777777777778,0.6111111111111112,1.2222222222222223,1.4444444444444444,6.324444444444443
Hélder Costa,Leeds,29,Forward,22,1158,3,3,0.7272727272727273,0.36363636363636365,0.8636363636363636,0.8181818181818182,0.13636363636363635,0.9090909090909091,1.9545454545454546,6.319545454545456
Billy Gilmour,Chelsea,22,Midfielder,5,260,0,0,0.2,0.6,0.2,0.4,0.0,0.0,0.4,6.318
Kevin Long,Burnley,33,Defender,8,636,0,0,0.25,0.125,0.0,0.25,0.0,0.0,0.125,6.317500000000001
Andy Carroll,Newcastle,34,Forward,18,384,1,0,0.7777777777777778,0.1111111111111111,0.1111111111111111,0.5555555555555556,0.2222222222222222,0.16666666666666666,1.0,6.313333333333333
Fábio Silva,Wolves,21,Forward,32,1357,4,3,1.5,0.34375,0.21875,0.65625,0.15625,0.65625,1.40625,6.3046875
Anthony Gordon,Everton,22,Forward,3,88,0,0,0.0,0.3333333333333333,0.6666666666666666,0.6666666666666666,0.3333333333333333,0.6666666666666666,1.6666666666666667,6.293333333333333
James McCarthy,Crystal Palace,32,Midfielder,16,824,0,0,0.0625,0.3125,0.125,0.25,0.0,0.0625,0.625,6.2925
Kieran Gibbs,WBA,33,Defender,10,811,0,0,0.1,0.4,0.2,0.2,0.0,0.1,0.9,6.291999999999999
Matty Longstaff,Newcastle,23,Midfielder,5,377,0,0,0.0,0.4,0.4,1.0,0.0,0.2,0.2,6.288
Jean-Philippe Mateta,Crystal Palace,26,Forward,7,217,1,0,0.5714285714285714,0.14285714285714285,0.42857142857142855,0.14285714285714285,0.7142857142857143,0.7142857142857143,1.4285714285714286,6.2871428571428565
Fabian Delph,Everton,33,Midfielder,8,261,0,0,0.125,0.25,0.875,0.875,0.0,0.0,0.5,6.286250000000001
Jakub Moder,Brighton,24,Midfielder,12,648,0,0,1.0833333333333333,0.25,0.75,0.25,0.16666666666666666,0.8333333333333334,1.1666666666666667,6.283333333333334
Dale Stephens,Burnley,34,Midfielder,7,259,0,0,0.5714285714285714,0.0,0.14285714285714285,0.2857142857142857,0.0,0.7142857142857143,0.42857142857142855,6.282857142857144
Aaron Connolly,Brighton,23,Forward,17,793,2,1,1.3529411764705883,0.35294117647058826,0.29411764705882354,0.9411764705882353,0.47058823529411764,0.47058823529411764,1.588235294117647,6.280588235294117
Sead Kolasinac,Arsenal,30,Defender,1,90,0,0,0.0,0.0,0.0,1.0,0.0,0.0,0.0,6.28
Jay Rodríguez,Burnley,34,Forward,31,1256,1,2,1.0,0.1935483870967742,0.3870967741935484,0.5806451612903226,0.45161290322580644,0.7096774193548387,1.5806451612903225,6.269354838709679
Alireza Jahanbakhsh,Brighton,30,Forward,21,525,0,1,0.8571428571428571,0.47619047619047616,0.5238095238095238,0.19047619047619047,0.0,0.3333333333333333,0.5714285714285714,6.263333333333334
Axel Tuanzebe,Man Utd,25,Defender,9,402,0,0,0.0,0.0,0.0,0.2222222222222222,0.0,0.1111111111111111,0.2222222222222222,6.2588888888888885
Sidnei Tavares,Leicester,21,Midfielder,2,85,0,0,0.5,0.0,0.5,1.5,0.0,1.5,1.0,6.255
Oliver Burke,Sheff Utd,26,Forward,25,1273,1,1,1.0,0.6,0.64,0.24,0.12,1.12,1.88,6.2524
Jack Butland,Crystal Palace,30,Goalkeeper,1,90,0,0,0.0,0.0,0.0,0.0,0.0,0.0,0.0,6.25
Joe Willock,Arsenal,24,Midfielder,7,235,0,0,0.5714285714285714,0.2857142857142857,0.5714285714285714,0.5714285714285714,0.0,0.42857142857142855,1.8571428571428572,6.25
Pablo Hernández,Leeds,38,Forward,16,419,0,2,0.9375,0.375,0.625,0.375,0.0,0.0625,0.5625,6.246875000000001
Nathan Tella,Southampton,24,Midfielder,18,742,1,1,0.9444444444444444,0.3333333333333333,0.6111111111111112,1.3333333333333333,0.2777777777777778,1.2777777777777777,1.9444444444444444,6.246666666666666
Vitinha,Wolves,23,Midfielder,19,513,0,1,0.42105263157894735,0.631578947368421,0.42105263157894735,0.2631578947368421,0.05263157894736842,0.15789473684210525,0.8947368421052632,6.233684210526316
Davy Pröpper,Brighton,31,Midfielder,7,211,0,0,0.5714285714285714,0.0,0.2857142857142857,0.0,0.0,0.7142857142857143,0.2857142857142857,6.231428571428571
Niall Huggins,Leeds,22,Defender,1,37,0,0,0.0,0.0,0.0,0.0,0.0,0.0,0.0,6.23
Ruben Loftus-Cheek,Chelsea,27,Midfielder,1,61,0,0,0.0,0.0,0.0,2.0,0.0,1.0,2.0,6.23
John Lundstram,Sheff Utd,29,Midfielder,28,2032,0,2,0.7142857142857143,0.7142857142857143,0.5357142857142857,0.7142857142857143,0.03571428571428571,0.6785714285714286,1.0357142857142858,6.227142857142857
Ian Poveda,Leeds,23,Forward,14,345,0,0,0.35714285714285715,0.35714285714285715,0.8571428571428571,0.42857142857142855,0.14285714285714285,1.1428571428571428,0.9285714285714286,6.2250000000000005
Niels Nkounkou,Everton,22,Defender,2,81,0,0,0.5,0.0,1.0,0.0,0.0,0.5,1.5,6.225
Carney Chukwuemeka,Aston Villa,19,Midfielder,2,18,0,0,0.5,0.0,0.0,0.0,0.0,0.0,0.5,6.220000000000001
Maxime Le Marchand,Fulham,33,Defender,2,122,0,0,0.5,0.0,0.0,0.5,0.0,0.0,0.0,6.220000000000001
Ibrahima Diallo,Southampton,24,Midfielder,22,1012,0,0,0.3181818181818182,0.4090909090909091,0.45454545454545453,0.5,0.0,0.6818181818181818,0.9090909090909091,6.216818181818183
Rekeem Harper,WBA,23,Midfielder,2,30,0,0,0.5,0.0,1.0,0.0,0.0,0.0,1.0,6.215
Branislav Ivanovic,WBA,39,Defender,13,767,0,0,0.3076923076923077,0.07692307692307693,0.0,0.3076923076923077,0.07692307692307693,0.0,0.07692307692307693,6.21076923076923
Brandon Williams,Man Utd,22,Defender,4,187,0,0,0.25,0.25,0.5,0.75,0.0,0.25,0.5,6.21
Lee Peltier,WBA,36,Defender,4,229,0,0,0.0,0.25,0.25,0.0,0.0,0.0,0.75,6.21
Will Smallbone,Southampton,23,Midfielder,3,173,0,0,0.3333333333333333,0.0,0.0,0.6666666666666666,0.0,0.6666666666666666,0.6666666666666666,6.21
Dwight Gayle,Newcastle,33,Forward,18,506,1,1,0.8888888888888888,0.3333333333333333,0.05555555555555555,0.3333333333333333,0.16666666666666666,0.05555555555555555,0.4444444444444444,6.207222222222222
Andrii Yarmolenko,West Ham,33,Forward,15,363,0,1,0.4666666666666667,0.3333333333333333,0.4,0.4,0.3333333333333333,0.6666666666666666,0.8,6.205333333333333
Morgan Sanson,Aston Villa,29,Midfielder,9,291,0,0,0.2222222222222222,0.1111111111111111,0.4444444444444444,0.8888888888888888,0.2222222222222222,0.3333333333333333,1.1111111111111112,6.204444444444444
Reiss Nelson,Arsenal,23,Forward,2,70,0,0,0.5,0.0,0.5,0.5,0.0,1.0,0.0,6.2
Billy Sharp,Sheff Utd,37,Forward,16,730,3,0,0.5625,0.25,0.3125,0.875,0.6875,1.0,1.125,6.199375
Jacob Ramsey,Aston Villa,22,Midfielder,22,619,0,0,0.5,0.2727272727272727,0.3181818181818182,0.5,0.09090909090909091,0.5454545454545454,0.6363636363636364,6.197272727272726
Antwoine Hackford,Sheff Utd,19,Forward,1,10,0,0,1.0,0.0,0.0,0.0,0.0,0.0,0.0,6.19
Divock Origi,Liverpool,28,Forward,9,182,0,0,0.7777777777777778,0.2222222222222222,0.0,0.1111111111111111,0.0,0.5555555555555556,0.4444444444444444,6.19
Hamza Choudhury,Leicester,25,Midfielder,10,314,0,0,0.4,0.0,0.0,0.2,0.0,0.0,0.6,6.188
Kamil Grosicki,WBA,35,Midfielder,3,149,0,1,1.0,1.0,0.0,0.0,0.0,0.3333333333333333,0.6666666666666666,6.186666666666667
Alex Oxlade Chamberlain,Liverpool,30,Midfielder,13,246,1,1,0.6153846153846154,0.15384615384615385,0.07692307692307693,0.07692307692307693,0.0,0.38461538461538464,0.5384615384615384,6.183846153846155
Jamie Shackleton,Leeds,23,Midfielder,13,456,0,0,0.0,0.15384615384615385,0.23076923076923078,0.15384615384615385,0.07692307692307693,0.07692307692307693,0.5384615384615384,6.176153846153846
Mark Noble,West Ham,36,Midfielder,21,707,0,0,0.047619047619047616,0.23809523809523808,0.09523809523809523,0.38095238095238093,0.047619047619047616,0.2857142857142857,0.23809523809523808,6.173809523809524
Shkodran Mustafi,Arsenal,31,Defender,3,45,0,0,0.0,0.0,0.0,0.0,0.0,0.0,0.0,6.173333333333333
Rhian Brewster,Sheff Utd,23,Forward,27,1125,0,0,0.8888888888888888,0.4074074074074074,0.2962962962962963,0.48148148148148145,0.14814814814814814,0.6666666666666666,0.7407407407407407,6.171481481481481
Kepa,Chelsea,28,Goalkeeper,7,585,0,0,0.0,0.0,0.0,0.0,0.0,0.0,0.2857142857142857,6.171428571428572
Demarai Gray,Leicester,27,Forward,1,18,0,0,1.0,0.0,0.0,0.0,0.0,0.0,1.0,6.17
Hannibal Mejbri,Man Utd,20,Midfielder,1,8,0,0,0.0,0.0,1.0,1.0,0.0,0.0,0.0,6.17
Nathan Broadhead,Everton,25,Forward,1,2,0,0,0.0,0.0,0.0,0.0,0.0,0.0,0.0,6.17
Jake Livermore,WBA,33,Midfielder,18,1249,0,0,0.2777777777777778,0.2777777777777778,0.1111111111111111,0.3888888888888889,0.0,0.3888888888888889,0.8333333333333334,6.167222222222223
Charlie Austin,WBA,34,Forward,5,134,0,0,0.6,0.0,0.2,0.4,0.2,0.4,0.8,6.164
Karlan Grant,WBA,25,Forward,21,1133,1,0,0.7619047619047619,0.14285714285714285,0.42857142857142855,0.6190476190476191,0.2857142857142857,0.8095238095238095,1.4761904761904763,6.154285714285713
Eric García,Man City,22,Defender,6,382,0,0,0.3333333333333333,0.16666666666666666,0.0,0.3333333333333333,0.0,0.0,0.6666666666666666,6.153333333333333
Yan Valery,Southampton,24,Defender,3,101,0,0,0.6666666666666666,0.3333333333333333,0.0,0.3333333333333333,0.0,1.6666666666666667,2.0,6.146666666666666
Islam Slimani,Leicester,35,Forward,1,19,0,0,1.0,1.0,0.0,0.0,0.0,0.0,1.0,6.14
Kyle Edwards,WBA,25,Forward,5,114,0,0,0.4,0.2,0.2,0.2,0.0,0.2,0.2,6.14
Denis Odoi,Fulham,35,Defender,3,270,0,0,0.6666666666666666,0.3333333333333333,0.3333333333333333,1.3333333333333333,0.3333333333333333,0.6666666666666666,0.3333333333333333,6.133333333333333
Hal Robson-Kanu,WBA,34,Forward,19,549,2,0,0.6842105263157895,0.2631578947368421,0.3157894736842105,0.5263157894736842,0.21052631578947367,0.8421052631578947,1.5789473684210527,6.13
José Izquierdo,Brighton,31,Forward,1,8,0,0,1.0,0.0,0.0,0.0,0.0,0.0,1.0,6.13
Andi Zeqiri,Brighton,24,Forward,9,165,0,0,0.7777777777777778,0.1111111111111111,0.1111111111111111,0.2222222222222222,0.0,0.1111111111111111,0.8888888888888888,6.127777777777778
Neeskens Kebano,Fulham,31,Midfielder,5,117,0,0,1.2,0.2,0.6,0.2,0.2,0.4,1.4,6.12
Mathew Ryan,Brighton,31,Goalkeeper,11,990,0,0,0.0,0.0,0.0,0.0,0.0,0.0,0.0,6.119999999999999
Romaine Sawyers,WBA,31,Midfielder,19,1490,0,0,0.21052631578947367,0.3157894736842105,0.42105263157894735,0.7368421052631579,0.0,0.5263157894736842,0.7368421052631579,6.118947368421052
Shane Long,Southampton,36,Forward,11,201,0,0,0.18181818181818182,0.0,0.18181818181818182,0.5454545454545454,0.2727272727272727,0.6363636363636364,0.45454545454545453,6.112727272727272
Joshua King,Everton,31,Forward,11,138,0,0,0.2727272727272727,0.0,0.36363636363636365,0.09090909090909091,0.2727272727272727,0.5454545454545454,0.8181818181818182,6.11090909090909
Josh Onomah,Fulham,26,Midfielder,11,372,0,0,0.5454545454545454,0.09090909090909091,0.18181818181818182,0.0,0.0,0.8181818181818182,0.8181818181818182,6.080909090909091
Marek Rodák,Fulham,26,Goalkeeper,2,180,0,0,0.0,0.0,0.0,0.0,0.0,0.0,0.0,6.08
Martin Kelly,Crystal Palace,33,Defender,1,1,0,0,0.0,0.0,0.0,0.0,0.0,0.0,0.0,6.08
Wes Morgan,Leicester,39,Defender,3,16,0,0,0.0,0.0,0.0,0.0,0.0,0.0,0.0,6.07
Zack Steffen,Man City,28,Goalkeeper,1,90,0,0,0.0,0.0,0.0,0.0,0.0,0.0,0.0,6.07
Michael Hector,Fulham,31,Defender,4,264,0,0,0.25,0.25,0.75,0.75,0.0,0.0,0.75,6.0675
Felipe Anderson,West Ham,30,Midfielder,2,2,0,0,0.0,0.0,0.0,0.0,0.0,0.0,0.0,6.0649999999999995
Mamadou Sakho,Crystal Palace,33,Defender,4,275,0,0,0.25,0.0,0.0,0.25,0.0,0.25,0.75,6.055
Caleb Watts,Southampton,21,Midfielder,3,36,0,0,0.0,0.0,0.0,0.3333333333333333,0.0,0.3333333333333333,0.3333333333333333,6.053333333333334
Jonjoe Kenny,Everton,26,Defender,4,79,0,0,0.0,0.0,0.0,0.0,0.25,0.0,0.75,6.04
Phil Jagielka,Sheff Utd,41,Defender,10,527,0,0,0.0,0.0,0.0,0.1,0.0,0.0,0.3,6.037
Daniel Nlundulu,Southampton,24,Forward,13,102,0,0,0.07692307692307693,0.07692307692307693,0.15384615384615385,0.0,0.07692307692307693,0.15384615384615385,0.46153846153846156,6.0323076923076915
Leif Davis,Leeds,23,Defender,2,31,0,0,0.0,0.0,0.0,0.0,0.0,0.5,0.5,6.02
Oskar Buur,Wolves,25,Defender,1,22,0,0,0.0,0.0,0.0,0.0,0.0,1.0,0.0,6.02
Iliman Ndiaye,Sheff Utd,23,Forward,1,11,0,0,0.0,0.0,0.0,0.0,0.0,0.0,1.0,6.01
Thakgalo Leshabela,Leicester,23,Midfielder,1,9,0,0,0.0,0.0,0.0,0.0,0.0,1.0,0.0,6.01
Shola Shoretire,Man Utd,19,Forward,2,9,0,0,0.0,0.0,0.0,0.0,0.0,0.0,1.0,6.005
Robert Snodgrass,West Ham,35,Midfielder,3,4,0,0,0.0,0.0,0.0,0.3333333333333333,0.0,0.0,0.0,6.003333333333333
Dane Scarlett,Tottenham,19,Forward,1,1,0,0,0.0,0.0,0.0,0.0,0.0,0.0,0.0,6.0
Elliot Anderson,Newcastle,20,Midfielder,1,3,0,0,0.0,0.0,0.0,0.0,0.0,0.0,0.0,6.0
Femi Seriki,Sheff Utd,21,Defender,1,1,0,0,0.0,0.0,0.0,0.0,0.0,0.0,0.0,6.0
Jaden Philogene,Aston Villa,21,Midfielder,1,1,0,0,0.0,0.0,0.0,0.0,1.0,0.0,0.0,6.0
Jayson Molumby,Brighton,24,Midfielder,1,1,0,0,0.0,0.0,0.0,0.0,0.0,0.0,0.0,6.0
Jean-Philippe Gbamin,Everton,27,Midfielder,1,11,0,0,0.0,0.0,0.0,0.0,0.0,1.0,0.0,6.0
William Fish,Man Utd,20,Defender,1,1,0,0,0.0,0.0,0.0,0.0,0.0,0.0,0.0,6.0
Moise Kean,Everton,23,Forward,2,13,0,0,0.5,0.0,0.0,0.0,0.0,0.0,0.5,5.995
Lewis Richardson,Burnley,20,Forward,2,3,0,0,0.0,0.0,0.0,0.0,0.0,0.0,0.0,5.98
Reda Khadra,Brighton,22,Midfielder,1,4,0,0,0.0,0.0,0.0,0.0,0.0,0.0,0.0,5.98
Michael Obafemi,Southampton,23,Forward,4,57,0,0,0.0,0.25,0.0,0.75,0.0,0.5,0.25,5.9775
Wesley,Aston Villa,26,Forward,3,15,0,0,0.3333333333333333,0.0,0.0,0.3333333333333333,0.0,0.0,0.3333333333333333,5.963333333333334
Patrick Cutrone,Wolves,25,Forward,2,23,0,0,0.5,0.0,0.0,0.5,0.0,0.0,0.5,5.960000000000001
Kostas Tsimikas,Liverpool,27,Defender,2,6,0,0,0.0,0.0,0.0,0.0,0.0,0.0,0.5,5.96
Aboubakar Kamara,Fulham,28,Forward,11,310,0,0,0.36363636363636365,0.5454545454545454,0.36363636363636365,0.2727272727272727,0.0,0.7272727272727273,1.1818181818181819,5.953636363636363
Josh Benson,Burnley,23,Midfielder,6,261,0,0,0.3333333333333333,0.0,0.3333333333333333,0.16666666666666666,0.0,0.6666666666666666,0.6666666666666666,5.94
Liam Delap,Man City,20,Forward,1,39,0,0,1.0,0.0,0.0,0.0,0.0,1.0,3.0,5.94
Joel Mumbongo,Burnley,24,Forward,4,37,0,0,0.0,0.0,0.0,0.5,0.25,0.25,0.25,5.9399999999999995
Lys Mousset,Sheff Utd,27,Forward,11,290,0,0,0.36363636363636365,0.2727272727272727,0.36363636363636365,0.18181818181818182,0.36363636363636365,0.8181818181818182,1.0909090909090908,5.9363636363636365
Cenk Tosun,Everton,32,Forward,5,44,0,0,0.0,0.2,0.0,0.0,0.0,0.0,0.2,5.928
Adrián,Liverpool,36,Goalkeeper,3,270,0,0,0.0,0.0,0.0,0.0,0.0,0.0,0.0,5.896666666666666
Tyrese Francois,Fulham,23,Midfielder,1,14,0,0,0.0,0.0,0.0,0.0,0.0,0.0,0.0,5.89
Theo Walcott,Everton,34,Forward,1,12,0,0,0.0,0.0,0.0,0.0,0.0,0.0,1.0,5.87
Neil Taylor,Aston Villa,34,Defender,1,16,0,0,0.0,0.0,0.0,0.0,0.0,0.0,0.0,5.85
Jake Vokins,Southampton,23,Defender,1,66,0,0,0.0,1.0,0.0,0.0,1.0,0.0,0.0,5.83
Will Norris,Burnley,30,Goalkeeper,2,180,0,0,0.0,0.5,0.0,0.0,0.0,0.0,0.0,5.775
Bailey Peacock-Farrell,Burnley,26,Goalkeeper,4,360,0,0,0.0,0.0,0.0,0.25,0.0,0.0,0.0,5.7700000000000005
Allan Tchaptchet,Southampton,21,Defender,1,12,0,0,0.0,0.0,0.0,0.0,0.0,0.0,1.0,5.74
Odion Ighalo,Man Utd,34,Forward,1,9,0,0,0.0,0.0,0.0,0.0,0.0,2.0,1.0,5.74
Alexandre Jankewitz,Southampton,21,Midfielder,2,3,0,0,0.0,0.0,0.0,0.5,0.0,0.0,0.5,5.675
Willy Caballero,Chelsea,41,Goalkeeper,1,90,0,0,0.0,0.0,0.0,0.0,0.0,0.0,0.0,5.41
Kayne Ramsay,Southampton,22,Defender,1,90,0,0,0.0,0.0,0.0,0.0,0.0,0.0,0.0,5.06
