Name,Team,Age,Position,Apps,Mins,Tackles,Inter,Fouls,Offsides,Clear,Drb,Blocks,Rating
Eden Hazard,Chelsea,32,Forward,38,3379,0.7368421052631579,0.5789473684210527,0.3157894736842105,0.0,0.23684210526315788,0.6052631578947368,0.02631578947368421,7.9568421052631555
Alexis Sánchez,Arsenal,34,Forward,35,2953,1.9714285714285715,1.1714285714285715,1.2571428571428571,0.0,0.17142857142857143,1.542857142857143,0.0,7.810857142857141
Sergio Agüero,Man City,35,Forward,33,2540,0.6666666666666666,0.3939393939393939,0.5454545454545454,0.0,0.06060606060606061,0.5151515151515151,0.0,7.671515151515152
Cesc Fàbregas,Chelsea,36,Midfielder,34,2890,2.588235294117647,0.6764705882352942,0.8823529411764706,0.0,0.8823529411764706,2.1176470588235294,0.14705882352941177,7.618529411764706
Santi Cazorla,Arsenal,38,Midfielder,37,2992,1.5945945945945945,1.0810810810810811,0.5405405405405406,0.0,0.6486486486486487,1.4594594594594594,0.13513513513513514,7.599459459459461
Mesut Özil,Arsenal,34,Midfielder,22,1860,1.2727272727272727,0.45454545454545453,0.45454545454545453,0.0,0.2727272727272727,0.6818181818181818,0.045454545454545456,7.569545454545454
Mile Jedinak,Crystal Palace,39,Midfielder,24,2081,3.3333333333333335,3.375,1.9583333333333333,0.0,3.5,1.125,0.5833333333333334,7.545833333333334
David Silva,Man City,37,Midfielder,32,2661,1.4375,0.65625,1.15625,0.0,0.25,1.71875,0.09375,7.526875000000001
Phil Jones,Man Utd,31,Defender,22,1879,2.3636363636363638,3.1818181818181817,1.1818181818181819,0.5,7.5,0.6363636363636364,0.2727272727272727,7.50909090909091
Morgan Schneiderlin,Southampton,33,Midfielder,26,2188,3.6923076923076925,2.576923076923077,1.8461538461538463,0.0,1.6538461538461537,1.3076923076923077,0.19230769230769232,7.506153846153849
Nemanja Matic,Chelsea,35,Midfielder,36,3124,3.5555555555555554,2.0277777777777777,1.3055555555555556,0.08333333333333333,3.2777777777777777,2.1666666666666665,0.19444444444444445,7.497777777777778
Francis Coquelin,Arsenal,32,Midfielder,22,1663,3.227272727272727,3.6818181818181817,1.3636363636363635,0.045454545454545456,3.0454545454545454,1.2272727272727273,0.36363636363636365,7.468636363636363
Victor Moses,Stoke,32,Midfielder,19,1455,1.736842105263158,1.1578947368421053,1.0526315789473684,0.0,0.3684210526315789,0.42105263157894735,0.0,7.445263157894736
Diego Costa,Chelsea,34,Forward,26,2085,0.5,0.19230769230769232,1.2692307692307692,0.0,0.8076923076923077,0.3076923076923077,0.038461538461538464,7.429230769230768
Robert Huth,Leicester,39,Defender,14,1180,1.5,3.2142857142857144,0.9285714285714286,0.42857142857142855,7.714285714285714,0.2857142857142857,0.8571428571428571,7.416428571428573
Yaya Touré,Man City,40,Midfielder,29,2357,1.0,0.5172413793103449,1.1379310344827587,0.06896551724137931,0.7586206896551724,1.0344827586206897,0.1724137931034483,7.402758620689656
James Tomkins,West Ham,34,Defender,22,1852,2.1363636363636362,1.5454545454545454,0.8181818181818182,0.6818181818181818,9.454545454545455,0.5,0.7272727272727273,7.401818181818182
Laurent Koscielny,Arsenal,37,Defender,27,2288,1.2592592592592593,3.5185185185185186,0.7037037037037037,1.0740740740740742,5.888888888888889,0.5185185185185185,0.6666666666666666,7.40037037037037
Federico Fazio,Tottenham,36,Defender,20,1777,1.8,3.4,0.75,1.55,8.25,0.35,1.35,7.389
Gaël Clichy,Man City,38,Defender,23,2058,2.5652173913043477,3.391304347826087,0.4782608695652174,0.6086956521739131,3.4347826086956523,0.9565217391304348,0.34782608695652173,7.375217391304349
Gabriel Paulista,Arsenal,32,Defender,6,349,0.5,3.0,0.5,1.0,7.5,0.16666666666666666,0.8333333333333334,7.361666666666667
Boaz Myhill,WBA,40,Goalkeeper,11,934,0.0,0.0,0.09090909090909091,0.0,0.9090909090909091,0.0,0.0,7.356363636363636
Chris Smalling,Man Utd,33,Defender,25,1880,1.44,2.32,0.96,0.48,6.24,0.24,0.64,7.343999999999999
Jonás Gutiérrez,Newcastle,40,Midfielder,10,634,3.5,1.7,0.9,0.0,1.3,1.0,0.3,7.3420000000000005
Philippe Coutinho,Liverpool,31,Midfielder,35,2801,1.7428571428571429,0.4857142857142857,0.7428571428571429,0.0,0.37142857142857144,1.6857142857142857,0.05714285714285714,7.337142857142855
Nacho Monreal,Arsenal,37,Defender,28,2311,2.3214285714285716,3.142857142857143,0.8571428571428571,0.2857142857142857,4.428571428571429,0.7142857142857143,0.35714285714285715,7.332142857142856
Ander Herrera,Man Utd,34,Midfielder,26,1869,2.8076923076923075,1.9615384615384615,1.1538461538461537,0.0,0.8461538461538461,1.0769230769230769,0.3076923076923077,7.331153846153849
Curtis Davies,Hull,38,Defender,21,1815,1.6666666666666667,3.142857142857143,0.6666666666666666,0.38095238095238093,9.952380952380953,0.7619047619047619,0.8571428571428571,7.324761904761904
Aleksandar Kolarov,Man City,37,Defender,21,1486,1.8571428571428572,2.0,1.0952380952380953,0.047619047619047616,1.5238095238095237,0.7142857142857143,0.23809523809523808,7.320476190476189
Jussi Jääskeläinen,West Ham,48,Goalkeeper,1,27,0.0,0.0,0.0,0.0,0.0,0.0,0.0,7.3
Harry Kane,Tottenham,30,Forward,34,2582,1.0294117647058822,0.5,0.9705882352941176,0.0,0.6176470588235294,0.5294117647058824,0.11764705882352941,7.280882352941176
Andy Carroll,West Ham,34,Forward,14,1027,0.5,0.5,1.7857142857142858,0.0,1.8571428571428572,0.6428571428571429,0.0,7.279285714285715
Wayne Rooney,Man Utd,37,Forward,33,2877,1.0909090909090908,0.8787878787878788,1.0909090909090908,0.030303030303030304,1.3636363636363635,0.7272727272727273,0.12121212121212122,7.276060606060605
Raheem Sterling,Liverpool,28,Forward,35,3053,1.0571428571428572,0.4857142857142857,1.2857142857142858,0.0,0.37142857142857144,0.42857142857142855,0.05714285714285714,7.273428571428569
Leroy Fer,QPR,33,Midfielder,29,2368,2.0689655172413794,1.0344827586206897,1.103448275862069,0.034482758620689655,0.896551724137931,0.8620689655172413,0.10344827586206896,7.272068965517241
Phil Jagielka,Everton,41,Defender,37,3286,1.3783783783783783,1.5405405405405406,0.5135135135135135,0.6216216216216216,10.027027027027026,0.40540540540540543,1.054054054054054,7.269189189189189
Jason Shackell,Burnley,39,Defender,38,3347,0.5789473684210527,1.3157894736842106,0.6052631578947368,0.8157894736842105,11.5,0.23684210526315788,1.368421052631579,7.262631578947372
Leighton Baines,Everton,38,Defender,31,2774,1.7096774193548387,1.4516129032258065,0.7096774193548387,0.16129032258064516,2.838709677419355,0.4838709677419355,0.22580645161290322,7.262258064516129
Marcos Rojo,Man Utd,33,Defender,22,1765,2.409090909090909,2.5454545454545454,1.0909090909090908,0.4090909090909091,6.2727272727272725,0.5454545454545454,0.3181818181818182,7.261363636363637
Branislav Ivanovic,Chelsea,39,Defender,38,3420,2.3421052631578947,0.9736842105263158,1.105263157894737,0.07894736842105263,3.5789473684210527,0.42105263157894735,0.10526315789473684,7.252894736842102
Mathieu Debuchy,Arsenal,38,Defender,10,808,2.6,1.7,1.5,0.2,5.1,0.7,0.6,7.239
César Azpilicueta,Chelsea,34,Defender,29,2484,2.9655172413793105,2.0,0.6551724137931034,0.13793103448275862,3.0689655172413794,1.0689655172413792,0.4482758620689655,7.238965517241381
Ashley Young,Man Utd,38,Defender,26,2068,1.7307692307692308,1.5384615384615385,0.9230769230769231,0.15384615384615385,1.0384615384615385,0.34615384615384615,0.11538461538461539,7.233076923076922
Antonio Valencia,Man Utd,38,Defender,32,2584,2.96875,1.78125,1.1875,0.15625,1.5625,0.5625,0.21875,7.2328125
Olivier Giroud,Arsenal,36,Forward,27,1867,1.0,0.2222222222222222,1.4444444444444444,0.037037037037037035,0.8148148148148148,0.5555555555555556,0.07407407407407407,7.230740740740741
Danny Rose,Tottenham,33,Defender,28,2372,2.8214285714285716,2.2142857142857144,1.75,0.17857142857142858,2.6785714285714284,0.6428571428571429,0.32142857142857145,7.229642857142856
Ashley Williams,Swansea,39,Defender,37,3330,1.162162162162162,2.7567567567567566,0.7837837837837838,0.4864864864864865,10.027027027027026,0.5135135135135135,1.0810810810810811,7.227837837837838
Pablo Zabaleta,Man City,38,Defender,29,2586,3.6551724137931036,1.9655172413793103,1.0344827586206897,0.2413793103448276,2.896551724137931,1.3793103448275863,0.2413793103448276,7.225862068965518
Sebastián Coates,Sunderland,32,Defender,10,822,2.7,3.3,0.9,0.4,5.0,1.4,1.0,7.220000000000001
Craig Dawson,WBA,33,Defender,29,2591,1.793103448275862,1.793103448275862,0.8275862068965517,0.4827586206896552,6.413793103448276,0.5862068965517241,1.0,7.21758620689655
Wilfried Bony,Swansea,34,Forward,20,1302,0.2,0.1,1.5,0.0,1.6,0.1,0.15,7.217000000000001
Martin Skrtel,Liverpool,38,Defender,33,2970,1.1515151515151516,1.6666666666666667,0.7272727272727273,0.6666666666666666,9.454545454545455,0.30303030303030304,1.2121212121212122,7.213636363636366
James Collins,West Ham,40,Defender,27,1879,1.4074074074074074,2.037037037037037,0.6666666666666666,0.5925925925925926,10.666666666666666,0.7777777777777778,1.1111111111111112,7.212592592592592
Oscar,Chelsea,31,Midfielder,28,2038,1.8571428571428572,0.4642857142857143,1.25,0.03571428571428571,1.1071428571428572,1.3214285714285714,0.07142857142857142,7.204999999999999
José Fonte,Southampton,39,Defender,37,3330,2.108108108108108,3.2162162162162162,0.7567567567567568,0.4594594594594595,5.45945945945946,0.43243243243243246,0.5945945945945946,7.204324324324326
Wes Morgan,Leicester,39,Defender,37,3288,1.5135135135135136,2.5675675675675675,0.7837837837837838,0.9459459459459459,6.891891891891892,0.08108108108108109,1.2972972972972974,7.196486486486486
Fernandinho,Man City,38,Midfielder,33,2273,2.8181818181818183,1.8484848484848484,1.8484848484848484,0.06060606060606061,1.4242424242424243,2.121212121212121,0.18181818181818182,7.1933333333333325
Cheikhou Kouyaté,West Ham,33,Midfielder,31,2662,2.4838709677419355,1.935483870967742,1.5483870967741935,0.12903225806451613,3.2903225806451615,0.8709677419354839,0.2903225806451613,7.1896774193548385
Daley Blind,Man Utd,33,Defender,25,2172,2.32,3.24,1.0,0.08,2.48,1.12,0.08,7.1864
Chris Brunt,WBA,38,Midfielder,34,2898,2.176470588235294,2.0,0.8823529411764706,0.11764705882352941,2.5,1.2941176470588236,0.08823529411764706,7.186176470588235
Gylfi Sigurdsson,Swansea,33,Midfielder,32,2697,1.0625,1.25,0.71875,0.0,0.6875,1.75,0.1875,7.1846875
Jack Cork,Swansea,34,Midfielder,15,1325,2.2666666666666666,2.933333333333333,0.9333333333333333,0.0,2.533333333333333,1.2666666666666666,0.5333333333333333,7.183999999999999
Danny Welbeck,Arsenal,32,Forward,25,1667,1.32,1.12,0.6,0.04,0.44,0.32,0.08,7.182800000000001
Héctor Bellerín,Arsenal,28,Defender,20,1562,1.95,2.05,0.8,0.1,2.2,0.75,0.25,7.176
James McArthur,Crystal Palace,35,Midfielder,32,2607,2.875,2.125,1.34375,0.0,1.59375,1.5,0.75,7.17375
Ahmed El Mohamady,Hull,35,Defender,38,3420,1.7894736842105263,1.7105263157894737,1.0,0.10526315789473684,2.6578947368421053,0.5,0.10526315789473684,7.173421052631579
John Stones,Everton,29,Defender,23,2044,1.391304347826087,1.5217391304347827,0.2608695652173913,0.7391304347826086,6.043478260869565,0.21739130434782608,1.0869565217391304,7.172173913043477
Steven Caulker,QPR,31,Defender,35,3017,1.0857142857142856,1.9714285714285715,0.42857142857142855,0.8571428571428571,9.857142857142858,0.6857142857142857,1.0285714285714285,7.1648571428571435
Riyad Mahrez,Leicester,32,Forward,30,2084,1.3666666666666667,0.9666666666666667,0.9,0.0,0.1,1.5,0.16666666666666666,7.163666666666668
Marouane Fellaini,Man Utd,35,Midfielder,27,1831,2.111111111111111,0.9259259259259259,2.259259259259259,0.0,2.037037037037037,1.037037037037037,0.37037037037037035,7.162962962962962
Bojan,Stoke,33,Forward,16,1209,1.375,0.875,0.4375,0.0,0.125,1.3125,0.0625,7.161875
Kieran Trippier,Burnley,32,Defender,38,3416,1.9210526315789473,2.1578947368421053,0.4473684210526316,0.18421052631578946,4.026315789473684,1.236842105263158,0.34210526315789475,7.151578947368421
Alex Oxlade Chamberlain,Arsenal,30,Midfielder,23,1495,1.1304347826086956,1.0869565217391304,0.6086956521739131,0.0,0.2608695652173913,0.6086956521739131,0.13043478260869565,7.146521739130435
Jordan Henderson,Liverpool,33,Midfielder,37,3256,2.2972972972972974,0.8378378378378378,0.8648648648648649,0.02702702702702703,1.6756756756756757,0.7837837837837838,0.16216216216216217,7.144594594594596
Jonny Evans,Man Utd,35,Defender,14,1091,2.2857142857142856,1.7857142857142858,0.5,0.35714285714285715,5.071428571428571,0.5,0.35714285714285715,7.132857142857143
Marc Albrighton,Leicester,33,Midfielder,18,1028,2.5555555555555554,1.1111111111111112,0.7777777777777778,0.1111111111111111,0.8333333333333334,0.9444444444444444,0.0,7.132222222222222
Marcin Wasilewski,Leicester,43,Defender,25,1991,2.08,2.76,1.56,0.88,6.64,0.52,0.76,7.1304
Ciaran Clark,Aston Villa,33,Defender,25,1994,1.56,1.92,0.76,0.76,8.0,0.24,0.92,7.124799999999999
Victor Wanyama,Southampton,32,Midfielder,32,2362,2.90625,1.875,2.125,0.0625,1.625,1.21875,0.15625,7.123749999999999
Costel Pantilimon,Sunderland,36,Goalkeeper,28,2520,0.14285714285714285,0.0,0.0,0.0,1.0,0.07142857142857142,0.0,7.116785714285716
Jeffrey Schlupp,Leicester,30,Midfielder,32,2539,2.5,1.875,0.875,0.03125,1.90625,1.03125,0.125,7.113124999999999
Joleon Lescott,WBA,41,Defender,34,3060,1.6470588235294117,2.176470588235294,0.7352941176470589,0.9117647058823529,6.0,0.35294117647058826,1.088235294117647,7.110294117647059
Robin van Persie,Man Utd,40,Forward,27,2114,0.6666666666666666,0.2222222222222222,1.2592592592592593,0.0,1.1481481481481481,0.2962962962962963,0.07407407407407407,7.10962962962963
Federico Fernández,Swansea,34,Defender,28,2475,1.9285714285714286,3.0714285714285716,0.6428571428571429,0.5,6.107142857142857,1.0714285714285714,0.6071428571428571,7.10892857142857
Diafra Sakho,West Ham,33,Forward,23,1761,0.8695652173913043,0.6956521739130435,1.173913043478261,0.0,0.8695652173913043,0.34782608695652173,0.0,7.108260869565218
Michael Dawson,Hull,39,Defender,28,2434,1.4285714285714286,1.6428571428571428,0.75,0.35714285714285715,7.821428571428571,0.6071428571428571,1.25,7.107500000000001
Joey Barton,QPR,40,Midfielder,28,2351,2.9642857142857144,1.6428571428571428,1.6785714285714286,0.03571428571428571,2.4285714285714284,2.0714285714285716,0.7857142857142857,7.102142857142856
Ki Sung-Yueng,Swansea,34,Midfielder,33,2690,1.3636363636363635,1.8484848484848484,0.8181818181818182,0.0,2.1818181818181817,0.696969696969697,0.30303030303030304,7.100606060606059
Jores Okore,Aston Villa,31,Defender,23,2009,2.217391304347826,2.869565217391304,0.9130434782608695,0.7391304347826086,6.478260869565218,0.7391304347826086,0.6956521739130435,7.0969565217391315
Bacary Sagna,Man City,40,Defender,9,740,2.2222222222222223,0.6666666666666666,0.5555555555555556,0.1111111111111111,4.0,0.5555555555555556,0.4444444444444444,7.094444444444445
James McCarthy,Everton,32,Midfielder,28,2404,2.4285714285714284,1.6428571428571428,1.1071428571428572,0.0,2.892857142857143,1.3571428571428572,0.8214285714285714,7.093571428571429
Ryan Shawcross,Stoke,35,Defender,32,2832,1.28125,1.5625,0.84375,0.28125,7.5,0.5,1.0,7.09125
Christian Eriksen,Tottenham,31,Midfielder,38,3142,1.3421052631578947,0.631578947368421,0.4473684210526316,0.0,0.5,0.9473684210526315,0.05263157894736842,7.090789473684212
Lukasz Fabianski,Swansea,38,Goalkeeper,37,3308,0.02702702702702703,0.05405405405405406,0.02702702702702703,0.0,1.0,0.08108108108108109,0.0,7.090540540540541
Ben Mee,Burnley,33,Defender,33,2888,1.9090909090909092,2.0303030303030303,0.8484848484848485,0.09090909090909091,5.606060606060606,0.9393939393939394,0.8787878787878788,7.086363636363637
Patrick van Aanholt,Sunderland,33,Defender,28,2306,2.7142857142857144,2.392857142857143,0.75,0.14285714285714285,2.9642857142857144,1.2857142857142858,0.5714285714285714,7.085000000000001
Christian Benteke,Aston Villa,32,Forward,29,2380,0.3793103448275862,0.10344827586206896,1.4827586206896552,0.0,0.6896551724137931,0.20689655172413793,0.06896551724137931,7.081724137931035
Fabian Delph,Aston Villa,33,Midfielder,28,2434,2.107142857142857,1.3571428571428572,0.4642857142857143,0.0,1.0357142857142858,1.1071428571428572,0.32142857142857145,7.079999999999998
Reece Burke,West Ham,26,Defender,5,415,1.2,1.8,0.6,0.8,10.4,0.2,0.6,7.078
Aaron Ramsey,Arsenal,32,Midfielder,29,2010,2.0,1.103448275862069,0.7931034482758621,0.0,0.7586206896551724,1.5862068965517242,0.10344827586206896,7.0748275862068954
Richard Dunne,QPR,43,Defender,23,1874,2.6956521739130435,1.9130434782608696,1.0869565217391304,0.9565217391304348,8.782608695652174,0.5652173913043478,1.2173913043478262,7.074782608695651
Sammy Ameobi,Newcastle,31,Forward,25,1423,2.0,1.36,1.36,0.0,1.08,0.56,0.12,7.074
Toby Alderweireld,Southampton,34,Defender,26,2263,1.6923076923076923,1.2307692307692308,0.46153846153846156,0.38461538461538464,5.461538461538462,0.6923076923076923,0.7692307692307693,7.0730769230769255
Sadio Mané,Southampton,31,Forward,30,2135,1.3,0.5,1.1333333333333333,0.0,0.23333333333333334,0.6333333333333333,0.0,7.072
Per Mertesacker,Arsenal,38,Defender,35,3150,0.7714285714285715,2.085714285714286,0.22857142857142856,0.8,5.542857142857143,0.2857142857142857,0.6285714285714286,7.069714285714285
Erik Lamela,Tottenham,31,Midfielder,33,2302,2.3636363636363638,1.303030303030303,1.5151515151515151,0.030303030303030304,0.3333333333333333,0.9696969696969697,0.030303030303030304,7.06878787878788
Eliaquim Mangala,Man City,32,Defender,25,2189,1.72,1.6,0.84,0.88,5.92,0.84,0.52,7.066
David Ospina,Arsenal,34,Goalkeeper,18,1620,0.05555555555555555,0.0,0.0,0.0,0.9444444444444444,0.0,0.0,7.063888888888889
Jan Vertonghen,Tottenham,36,Defender,32,2810,1.59375,2.1875,0.625,1.0,7.0,0.46875,0.65625,7.0634375
Michael Carrick,Man Utd,42,Midfielder,18,1457,1.3888888888888888,1.7222222222222223,0.4444444444444444,0.2777777777777778,2.0,0.6111111111111112,0.5555555555555556,7.060555555555556
Kieran Gibbs,Arsenal,33,Defender,22,1658,1.9545454545454546,2.4545454545454546,0.7727272727272727,0.13636363636363635,2.8181818181818183,0.5,0.09090909090909091,7.0586363636363645
Yannick Bolasie,Crystal Palace,34,Forward,34,2778,1.5,0.3235294117647059,1.4705882352941178,0.0,1.0294117647058822,0.4117647058823529,0.08823529411764706,7.054117647058823
Mamadou Sakho,Liverpool,33,Defender,16,1418,1.875,1.625,0.5,0.5,6.0,0.375,0.3125,7.053750000000001
Brede Hangeland,Crystal Palace,42,Defender,14,1173,1.0714285714285714,2.2142857142857144,0.5714285714285714,0.2857142857142857,5.571428571428571,0.2857142857142857,0.35714285714285715,7.049285714285714
Emre Can,Liverpool,29,Midfielder,27,2067,2.888888888888889,1.4074074074074074,1.0740740740740742,0.25925925925925924,2.888888888888889,0.8888888888888888,0.18518518518518517,7.047777777777778
Joel Ward,Crystal Palace,33,Defender,37,3330,2.5945945945945947,1.6486486486486487,1.027027027027027,0.05405405405405406,4.864864864864865,0.8648648648648649,0.40540540540540543,7.0427027027027025
Nathaniel Clyne,Southampton,32,Defender,35,3147,3.2857142857142856,1.8285714285714285,0.6,0.11428571428571428,2.2,0.9428571428571428,0.2,7.041142857142857
Michael Keane,Burnley,30,Defender,21,1595,1.0,1.9523809523809523,0.19047619047619047,0.42857142857142855,8.238095238095237,0.38095238095238093,0.42857142857142855,7.04047619047619
Mark Noble,West Ham,36,Midfielder,28,2308,2.5,1.8571428571428572,1.2142857142857142,0.0,0.8571428571428571,1.3571428571428572,0.2857142857142857,7.038928571428572
Winston Reid,West Ham,35,Defender,30,2503,1.5,1.6,1.0,0.36666666666666664,9.266666666666667,0.43333333333333335,1.0333333333333334,7.033666666666665
John Terry,Chelsea,42,Defender,38,3420,1.131578947368421,0.868421052631579,0.34210526315789475,0.631578947368421,5.657894736842105,0.2631578947368421,0.7894736842105263,7.0315789473684225
Graziano Pellè,Southampton,38,Forward,38,3284,0.2894736842105263,0.18421052631578946,1.8421052631578947,0.0,1.105263157894737,0.34210526315789475,0.15789473684210525,7.028157894736842
James Chester,Hull,34,Defender,23,1876,2.391304347826087,2.3043478260869565,1.0869565217391304,0.2608695652173913,4.434782608695652,0.8695652173913043,0.6086956521739131,7.025217391304347
Michael Duff,Burnley,45,Defender,21,1809,1.1428571428571428,1.619047619047619,0.9047619047619048,0.42857142857142855,9.476190476190476,1.0,1.0476190476190477,7.024761904761907
Martín Demichelis,Man City,42,Defender,31,2559,2.0,2.3870967741935485,1.064516129032258,0.7741935483870968,5.516129032258065,1.096774193548387,0.2903225806451613,7.022580645161289
James Milner,Man City,37,Midfielder,32,1744,1.71875,0.71875,0.875,0.0,0.40625,1.15625,0.125,7.019062500000001
Nabil Bentaleb,Tottenham,28,Midfielder,26,2195,2.269230769230769,2.5384615384615383,1.0384615384615385,0.038461538461538464,1.8846153846153846,0.9230769230769231,0.34615384615384615,7.017692307692307
Younes Kaboul,Tottenham,37,Defender,11,990,1.6363636363636365,3.090909090909091,0.9090909090909091,0.45454545454545453,7.545454545454546,0.5454545454545454,0.5454545454545454,7.017272727272727
Willian,Chelsea,35,Forward,36,2418,1.0,0.3611111111111111,0.75,0.0,0.19444444444444445,0.9722222222222222,0.0,7.016944444444445
Ryan Bertrand,Southampton,34,Defender,34,3055,1.3235294117647058,1.9705882352941178,0.8529411764705882,0.23529411764705882,1.4411764705882353,0.35294117647058826,0.23529411764705882,7.016764705882353
Erik Pieters,Stoke,35,Defender,31,2564,2.3225806451612905,1.903225806451613,1.4516129032258065,0.22580645161290322,4.387096774193548,1.1612903225806452,0.2903225806451613,7.015161290322582
Sebastian Larsson,Sunderland,38,Midfielder,36,3061,2.361111111111111,1.0833333333333333,1.4166666666666667,0.0,1.25,1.3888888888888888,0.4166666666666667,7.011944444444444
Steven Nzonzi,Stoke,34,Midfielder,38,3376,1.894736842105263,0.7894736842105263,0.8157894736842105,0.02631578947368421,1.1578947368421053,0.8421052631578947,0.10526315789473684,7.011052631578949
Daniel Sturridge,Liverpool,33,Forward,12,750,0.08333333333333333,0.0,0.4166666666666667,0.0,0.75,0.16666666666666666,0.0,7.006666666666667
Stewart Downing,West Ham,39,Midfielder,37,3314,0.7297297297297297,0.5945945945945946,0.2972972972972973,0.02702702702702703,0.8648648648648649,0.4864864864864865,0.08108108108108109,7.003243243243244
Ángel Di María,Man Utd,35,Midfielder,27,1645,0.5185185185185185,0.6296296296296297,0.18518518518518517,0.037037037037037035,0.07407407407407407,0.5185185185185185,0.037037037037037035,7.002222222222222
Calum Chambers,Arsenal,28,Defender,23,1571,2.130434782608696,1.9565217391304348,1.0869565217391304,0.30434782608695654,3.391304347826087,1.173913043478261,0.17391304347826086,7.001739130434781
Antolín Alcáraz,Everton,41,Defender,8,527,1.625,2.25,0.625,0.25,7.0,0.25,0.875,6.995
Jason Puncheon,Crystal Palace,37,Midfielder,37,2825,1.7837837837837838,1.054054054054054,1.2432432432432432,0.0,0.5945945945945946,1.3783783783783783,0.05405405405405406,6.991621621621623
Rémy Cabella,Newcastle,33,Midfielder,31,1947,2.3548387096774195,1.1290322580645162,0.967741935483871,0.0,0.12903225806451613,1.1290322580645162,0.0,6.991290322580647
Ritchie De Laet,Leicester,34,Defender,26,1884,2.3846153846153846,2.6923076923076925,0.9615384615384616,0.19230769230769232,4.1923076923076925,1.0769230769230769,0.5,6.989615384615385
Craig Gardner,WBA,36,Midfielder,35,2684,2.657142857142857,1.6285714285714286,1.6285714285714286,0.02857142857142857,1.6571428571428573,1.4857142857142858,0.2571428571428571,6.988
George Boyd,Burnley,37,Midfielder,35,3014,3.257142857142857,1.4285714285714286,1.1428571428571428,0.0,1.7142857142857142,1.8,0.2,6.987714285714285
Charlie Austin,QPR,34,Forward,35,3069,0.6571428571428571,0.2857142857142857,1.0285714285714285,0.0,1.1714285714285715,0.7428571428571429,0.08571428571428572,6.985142857142857
Dusan Tadic,Southampton,34,Forward,31,2064,1.3225806451612903,0.6451612903225806,0.967741935483871,0.0,0.22580645161290322,0.7741935483870968,0.06451612903225806,6.983548387096776
Dejan Lovren,Liverpool,34,Defender,26,2036,2.0384615384615383,1.8461538461538463,0.6923076923076923,0.5,7.769230769230769,0.6538461538461539,0.23076923076923078,6.983461538461539
Jesús Navas,Man City,37,Defender,35,2248,1.0,0.5428571428571428,0.6285714285714286,0.02857142857142857,0.22857142857142856,0.8857142857142857,0.0,6.9794285714285715
Mauricio Isla,QPR,35,Defender,26,2132,3.1153846153846154,2.1923076923076925,0.6153846153846154,0.34615384615384615,3.0384615384615383,1.0769230769230769,0.19230769230769232,6.979230769230768
Mauro Zárate,West Ham,36,Forward,7,415,1.2857142857142858,0.7142857142857143,1.4285714285714286,0.0,0.14285714285714285,0.5714285714285714,0.14285714285714285,6.977142857142858
Esteban Cambiasso,Leicester,43,Midfielder,31,2423,2.2580645161290325,2.064516129032258,0.6129032258064516,0.03225806451612903,1.0,1.4516129032258065,0.25806451612903225,6.971935483870969
Geoff Cameron,Stoke,38,Defender,27,2135,2.3703703703703702,2.111111111111111,0.48148148148148145,0.18518518518518517,3.111111111111111,1.1851851851851851,0.4444444444444444,6.970370370370371
Jack Butland,Stoke,30,Goalkeeper,3,270,0.0,0.0,0.0,0.0,1.3333333333333333,0.0,0.0,6.97
Kyle Walker,Tottenham,33,Defender,15,1307,2.4,2.4,1.0,0.13333333333333333,2.8,0.5333333333333333,0.2,6.968666666666667
Wilfried Zaha,Crystal Palace,30,Forward,31,1982,1.2903225806451613,0.7741935483870968,1.3870967741935485,0.0,0.3225806451612903,0.7096774193548387,0.0,6.968387096774194
Gareth McAuley,WBA,43,Defender,24,2072,1.2916666666666667,1.75,0.375,0.875,6.083333333333333,0.25,0.625,6.9679166666666665
Marc Muniesa,Stoke,31,Defender,19,1387,2.0526315789473686,2.0526315789473686,0.9473684210526315,0.6842105263157895,4.473684210526316,1.4736842105263157,0.42105263157894735,6.967368421052631
Alexandre Song,West Ham,35,Midfielder,28,2249,3.25,1.5,1.8571428571428572,0.0,1.1071428571428572,2.107142857142857,0.25,6.967142857142859
Lucas Leiva,Liverpool,36,Midfielder,20,1315,3.9,1.55,1.35,0.0,2.25,1.45,0.25,6.967000000000001
Gary Cahill,Chelsea,37,Defender,36,2985,0.9722222222222222,0.75,0.6388888888888888,0.9722222222222222,6.138888888888889,0.3055555555555556,0.8055555555555556,6.960833333333334
Harry Maguire,Hull,30,Defender,3,92,1.6666666666666667,3.0,1.3333333333333333,0.0,3.6666666666666665,1.0,0.6666666666666666,6.960000000000001
Scott Dann,Crystal Palace,36,Defender,34,2923,0.9117647058823529,1.588235294117647,0.8529411764705882,0.3235294117647059,6.470588235294118,0.4117647058823529,1.0,6.958235294117649
Robert Brady,Hull,31,Midfielder,27,1756,1.5925925925925926,1.1111111111111112,0.5925925925925926,0.037037037037037035,2.2962962962962963,0.8888888888888888,0.1111111111111111,6.953333333333334
Phil Bardsley,Stoke,38,Defender,25,2082,2.76,1.36,0.96,0.08,2.88,0.84,0.6,6.952400000000001
Steven Gerrard,Liverpool,43,Midfielder,29,2238,1.7241379310344827,0.7931034482758621,0.3793103448275862,0.0,1.8275862068965518,1.0,0.27586206896551724,6.951034482758621
Nathan Baker,Aston Villa,32,Defender,11,763,1.2727272727272727,1.6363636363636365,0.6363636363636364,0.5454545454545454,9.181818181818182,1.0,0.7272727272727273,6.947272727272727
Neil Taylor,Swansea,34,Defender,34,3000,2.323529411764706,2.2058823529411766,0.8823529411764706,0.14705882352941177,3.088235294117647,0.5588235294117647,0.38235294117647056,6.945294117647059
Mohamed Diamé,Hull,36,Midfielder,12,879,3.4166666666666665,1.4166666666666667,1.6666666666666667,0.0,0.8333333333333334,1.6666666666666667,0.16666666666666666,6.9416666666666655
Samir Nasri,Man City,36,Midfielder,24,1580,0.9166666666666666,0.3333333333333333,0.5,0.0,0.08333333333333333,0.7083333333333334,0.0,6.939583333333335
Steve Harper,Hull,48,Goalkeeper,10,853,0.0,0.0,0.0,0.0,1.0,0.2,0.0,6.9319999999999995
Eric Dier,Tottenham,29,Defender,28,2291,1.75,1.7142857142857142,0.75,0.8214285714285714,4.035714285714286,0.6071428571428571,0.39285714285714285,6.929642857142857
Kyle Naughton,Swansea,34,Defender,10,858,2.4,1.7,1.0,0.0,2.8,1.3,0.3,6.929
Sandro,QPR,34,Midfielder,17,1221,2.8823529411764706,2.0,1.588235294117647,0.0,2.0,0.8823529411764706,0.4117647058823529,6.927058823529411
James Morrison,WBA,37,Midfielder,33,2559,2.121212121212121,1.6666666666666667,0.8787878787878788,0.0,1.0,1.4848484848484849,0.15151515151515152,6.926363636363637
Jonathan Walters,Stoke,39,Forward,32,2424,0.65625,0.53125,1.03125,0.0,1.0625,0.15625,0.09375,6.9259375
Adam Lallana,Liverpool,35,Midfielder,27,1792,1.6666666666666667,0.4444444444444444,0.9259259259259259,0.0,0.6296296296296297,0.9629629629629629,0.07407407407407407,6.925555555555554
Cheick Tioté,Newcastle,37,Defender,11,898,3.090909090909091,2.090909090909091,2.1818181818181817,0.09090909090909091,1.6363636363636365,1.5454545454545454,0.2727272727272727,6.923636363636363
Charlie Adam,Stoke,37,Midfielder,29,1508,1.793103448275862,0.6551724137931034,1.3103448275862069,0.034482758620689655,0.8620689655172413,0.8275862068965517,0.10344827586206896,6.923103448275864
Séamus Coleman,Everton,34,Defender,35,3065,1.5142857142857142,1.1142857142857143,0.6285714285714286,0.17142857142857143,2.6,0.2857142857142857,0.3142857142857143,6.922857142857144
Étienne Capoue,Tottenham,35,Midfielder,12,901,2.4166666666666665,2.75,1.9166666666666667,0.0,2.25,0.9166666666666666,0.25,6.918333333333333
Massadio Haïdara,Newcastle,30,Defender,15,1099,1.8666666666666667,2.2666666666666666,0.8,0.2,3.2,0.26666666666666666,0.2,6.915333333333332
Moussa Sissoko,Newcastle,34,Midfielder,34,3032,1.1470588235294117,0.8529411764705882,1.588235294117647,0.0,0.7941176470588235,0.5882352941176471,0.11764705882352941,6.915294117647059
Paul McShane,Hull,37,Defender,20,1696,1.5,1.4,0.65,0.25,6.3,0.4,0.45,6.913500000000001
Jack Colback,Newcastle,33,Midfielder,35,3129,2.857142857142857,1.9142857142857144,1.6285714285714286,0.02857142857142857,1.2,1.0571428571428572,0.22857142857142856,6.912285714285713
Glenn Whelan,Stoke,39,Midfielder,28,2265,1.9285714285714286,1.6428571428571428,1.25,0.0,2.892857142857143,1.3571428571428572,0.7142857142857143,6.906428571428571
Jefferson Montero,Swansea,33,Midfielder,30,1570,1.2333333333333334,0.6,0.43333333333333335,0.0,0.23333333333333334,0.5333333333333333,0.0,6.905666666666665
Sylvain Distin,Everton,45,Defender,13,1080,1.6153846153846154,1.6153846153846154,0.23076923076923078,0.15384615384615385,9.076923076923077,0.5384615384615384,0.9230769230769231,6.905384615384616
Jay Fulton,Swansea,29,Midfielder,2,114,1.0,4.0,0.5,0.0,2.5,0.5,0.5,6.905
Dedryck Boyata,Man City,32,Defender,2,91,1.5,1.0,1.5,0.5,5.0,0.0,0.5,6.904999999999999
Daryl Janmaat,Newcastle,34,Defender,37,3255,2.810810810810811,2.135135135135135,0.8378378378378378,0.3783783783783784,2.6216216216216215,0.7567567567567568,0.1891891891891892,6.904864864864865
Maya Yoshida,Southampton,35,Defender,22,1691,1.5909090909090908,2.0454545454545454,0.6818181818181818,0.5,4.090909090909091,0.5909090909090909,0.36363636363636365,6.90409090909091
Michel Vorm,Tottenham,39,Goalkeeper,4,356,0.0,0.0,0.0,0.0,0.75,0.0,0.0,6.9025
Santiago Vergini,Sunderland,35,Defender,31,2623,2.0,1.7419354838709677,0.5483870967741935,0.22580645161290322,3.5161290322580645,1.1290322580645162,0.5161290322580645,6.896774193548388
Nacer Chadli,Tottenham,34,Midfielder,35,2417,0.7714285714285715,0.37142857142857144,0.7428571428571429,0.0,0.4857142857142857,0.34285714285714286,0.05714285714285714,6.896000000000001
Damien Delaney,Crystal Palace,42,Defender,29,2435,1.4482758620689655,1.7241379310344827,0.5172413793103449,0.20689655172413793,8.241379310344827,0.6206896551724138,0.7241379310344828,6.89448275862069
Paul Dummett,Newcastle,31,Defender,25,2109,1.48,1.28,0.52,0.6,6.56,0.4,0.44,6.8936
Martin Kelly,Crystal Palace,33,Defender,31,2499,3.032258064516129,1.5161290322580645,1.1612903225806452,0.06451612903225806,4.387096774193548,0.7096774193548387,0.3870967741935484,6.893548387096776
Sébastien Pocognoli,WBA,36,Defender,15,1217,2.0,1.5333333333333334,1.6,0.13333333333333333,4.066666666666666,0.3333333333333333,0.5333333333333333,6.8933333333333335
Hugo Lloris,Tottenham,36,Goalkeeper,35,3064,0.02857142857142857,0.11428571428571428,0.0,0.0,1.2,0.05714285714285714,0.0,6.891428571428573
Petr Cech,Chelsea,41,Goalkeeper,7,606,0.0,0.0,0.0,0.0,0.5714285714285714,0.0,0.0,6.8914285714285715
Fernando,Man City,36,Midfielder,25,1881,1.4,1.6,1.12,0.16,1.84,1.52,0.44,6.8908000000000005
Danny Ings,Burnley,31,Forward,35,3035,0.8,0.5428571428571428,0.6571428571428571,0.0,0.2857142857142857,0.6285714285714286,0.05714285714285714,6.889714285714285
Angel Rangel,Swansea,40,Defender,27,2036,2.0,2.5185185185185186,1.037037037037037,0.1111111111111111,3.259259259259259,1.1111111111111112,0.48148148148148145,6.8892592592592585
Filipe Luís,Chelsea,38,Defender,15,939,3.066666666666667,0.8666666666666667,1.2666666666666666,0.0,1.1333333333333333,0.4666666666666667,0.2,6.887333333333333
Juan Mata,Man Utd,35,Midfielder,33,2309,0.8787878787878788,0.696969696969697,0.8181818181818182,0.0,0.15151515151515152,1.303030303030303,0.030303030303030304,6.8872727272727285
Billy Jones,Sunderland,36,Defender,14,1256,2.7142857142857144,1.1428571428571428,1.4285714285714286,0.07142857142857142,2.857142857142857,0.7142857142857143,0.7857142857142857,6.886428571428572
Glenn Murray,Crystal Palace,39,Forward,17,866,0.5294117647058824,0.17647058823529413,1.7058823529411764,0.0,1.0,0.29411764705882354,0.11764705882352941,6.8852941176470575
Wilfried Bony,Man City,34,Forward,10,297,0.3,0.2,0.8,0.0,0.4,0.0,0.1,6.883
Javier Manquillo,Liverpool,29,Defender,10,762,3.2,2.2,0.2,0.5,2.4,0.6,0.3,6.8709999999999996
Matty James,Leicester,32,Midfielder,27,1892,1.5555555555555556,1.8518518518518519,0.48148148148148145,0.07407407407407407,1.3703703703703705,0.5185185185185185,0.1111111111111111,6.87037037037037
Stevan Jovetic,Man City,33,Forward,17,787,0.5294117647058824,0.47058823529411764,0.9411764705882353,0.0,0.17647058823529413,1.0,0.058823529411764705,6.867647058823529
Anthony Réveillere,Sunderland,43,Defender,16,1327,2.0,2.1875,0.5,0.125,2.8125,0.8125,0.125,6.8675000000000015
Vincent Kompany,Man City,37,Defender,25,2034,1.4,1.8,1.36,0.6,4.0,0.56,0.56,6.8648
Ryan Mason,Tottenham,32,Midfielder,31,2326,2.774193548387097,1.6129032258064515,0.8709677419354839,0.0,1.4838709677419355,1.1935483870967742,0.12903225806451613,6.8587096774193546
Gareth Barry,Everton,42,Midfielder,33,2827,2.515151515151515,1.696969696969697,1.8484848484848484,0.0,2.8181818181818183,1.4848484848484849,0.42424242424242425,6.852424242424244
Aaron Cresswell,West Ham,33,Defender,38,3420,1.1578947368421053,0.868421052631579,0.4473684210526316,0.18421052631578946,3.8947368421052633,0.631578947368421,0.6052631578947368,6.85078947368421
Víctor Valdés,Man Utd,41,Goalkeeper,2,106,0.0,0.0,0.0,0.0,0.5,0.0,0.0,6.85
Leonardo Ulloa,Leicester,37,Forward,37,2409,1.3783783783783783,0.40540540540540543,1.8108108108108107,0.0,1.027027027027027,0.8108108108108109,0.13513513513513514,6.848648648648648
Jack Wilshere,Arsenal,31,Midfielder,14,732,0.7142857142857143,0.35714285714285715,0.7142857142857143,0.0,0.14285714285714285,0.5,0.07142857142857142,6.842142857142858
Claudio Yacob,WBA,36,Midfielder,20,1390,3.4,2.0,1.4,0.0,2.05,2.15,0.6,6.840999999999999
Clint Hill,QPR,44,Defender,19,1410,1.4210526315789473,1.3157894736842106,1.1578947368421053,0.10526315789473684,5.842105263157895,0.631578947368421,0.47368421052631576,6.840526315789473
Mame Diouf,Stoke,35,Forward,34,2438,1.1176470588235294,0.23529411764705882,1.7941176470588236,0.0,1.088235294117647,0.5882352941176471,0.11764705882352941,6.833235294117646
Jonjo Shelvey,Swansea,31,Midfielder,31,2456,1.3548387096774193,1.3225806451612903,1.1290322580645162,0.0,0.9354838709677419,0.8709677419354839,0.25806451612903225,6.832903225806452
Lee Cattermole,Sunderland,35,Midfielder,28,2358,2.7142857142857144,2.4285714285714284,1.9285714285714286,0.10714285714285714,2.357142857142857,2.0357142857142856,0.39285714285714285,6.8325000000000005
Alan Hutton,Aston Villa,38,Defender,30,2418,1.6333333333333333,1.2,0.6333333333333333,0.3333333333333333,3.3666666666666667,0.4666666666666667,0.5,6.8309999999999995
Florin Gardos,Southampton,34,Defender,11,574,1.8181818181818181,1.1818181818181819,0.6363636363636364,0.09090909090909091,3.272727272727273,0.5454545454545454,0.36363636363636365,6.829090909090908
Maynor Figueroa,Hull,40,Defender,3,210,4.0,0.3333333333333333,0.6666666666666666,0.0,4.0,0.6666666666666666,0.6666666666666666,6.82
Tom Heaton,Burnley,37,Goalkeeper,38,3420,0.0,0.0,0.0,0.0,0.6842105263157895,0.02631578947368421,0.0,6.819473684210529
John O'Shea,Sunderland,42,Defender,37,3271,1.3243243243243243,2.0,0.7567567567567568,0.3783783783783784,4.945945945945946,0.40540540540540543,0.6216216216216216,6.819189189189188
Marc Wilson,Stoke,36,Defender,27,2124,1.4444444444444444,1.1851851851851851,0.9259259259259259,0.18518518518518517,6.185185185185185,0.7037037037037037,0.5555555555555556,6.816666666666666
Joe Ledley,Crystal Palace,36,Midfielder,32,2575,2.0,2.0,0.34375,0.0,2.125,0.59375,0.375,6.815625000000002
Joe Allen,Liverpool,33,Midfielder,21,1471,2.5714285714285716,1.4761904761904763,0.9523809523809523,0.0,0.7619047619047619,0.9523809523809523,0.14285714285714285,6.813809523809524
Aaron Lennon,Everton,36,Midfielder,14,1072,1.8571428571428572,0.7142857142857143,0.7857142857142857,0.0,0.7142857142857143,1.0714285714285714,0.0,6.812142857142859
Ryan Taylor,Newcastle,39,Defender,14,907,1.7857142857142858,1.5714285714285714,0.5714285714285714,0.07142857142857142,3.2142857142857144,1.2857142857142858,0.35714285714285715,6.81
Steven Davis,Southampton,38,Midfielder,35,2651,1.8857142857142857,1.0285714285714285,0.42857142857142855,0.02857142857142857,1.4857142857142858,1.1142857142857143,0.11428571428571428,6.809142857142857
Connor Wickham,Sunderland,30,Forward,36,2774,1.4166666666666667,0.8055555555555556,1.6111111111111112,0.0,1.6111111111111112,1.0555555555555556,0.1388888888888889,6.805555555555555
Fabricio Coloccini,Newcastle,41,Defender,32,2837,1.9375,2.15625,0.4375,1.03125,5.28125,0.53125,0.59375,6.8053124999999985
Rio Ferdinand,QPR,44,Defender,11,990,2.1818181818181817,1.5454545454545454,0.18181818181818182,0.7272727272727273,7.454545454545454,0.18181818181818182,0.8181818181818182,6.8036363636363655
Ross Barkley,Everton,29,Midfielder,29,1966,1.103448275862069,0.3103448275862069,0.6551724137931034,0.0,0.3793103448275862,0.7931034482758621,0.06896551724137931,6.802413793103448
Steven Naismith,Everton,36,Forward,31,2055,1.6129032258064515,0.7096774193548387,1.3225806451612903,0.03225806451612903,1.4516129032258065,1.1612903225806452,0.25806451612903225,6.799354838709677
Darren Fletcher,WBA,39,Midfielder,15,1350,1.8666666666666667,1.5333333333333334,0.7333333333333333,0.0,1.4666666666666666,1.2,0.3333333333333333,6.798666666666666
Adrián,West Ham,36,Goalkeeper,38,3391,0.0,0.05263157894736842,0.05263157894736842,0.0,0.7631578947368421,0.02631578947368421,0.0,6.7984210526315785
Jamie Vardy,Leicester,36,Forward,34,2247,0.8529411764705882,0.6764705882352942,1.1764705882352942,0.0,0.17647058823529413,0.20588235294117646,0.058823529411764705,6.798235294117648
Kyle Bartley,Swansea,32,Defender,7,630,1.5714285714285714,1.4285714285714286,1.0,0.5714285714285714,4.428571428571429,0.0,0.5714285714285714,6.797142857142858
Tony Hibbert,Everton,42,Defender,4,331,2.25,1.25,0.5,0.25,3.75,1.0,1.0,6.795
Alex Bruce,Hull,38,Defender,22,1450,1.0454545454545454,1.1363636363636365,0.5909090909090909,0.36363636363636365,6.681818181818182,0.4090909090909091,1.0,6.791818181818183
Glen Johnson,Liverpool,39,Defender,19,1331,1.5789473684210527,0.9473684210526315,0.42105263157894735,0.05263157894736842,2.263157894736842,0.631578947368421,0.21052631578947367,6.788947368421053
Matt Phillips,QPR,32,Midfielder,25,1823,1.48,0.52,0.76,0.0,0.84,0.76,0.08,6.7884
Tom Huddlestone,Hull,36,Midfielder,31,2545,2.3870967741935485,1.4516129032258065,1.2903225806451613,0.03225806451612903,2.5161290322580645,1.4838709677419355,0.2903225806451613,6.787096774193548
Luke Shaw,Man Utd,28,Defender,16,1127,1.4375,0.75,0.75,0.1875,3.5,0.3125,0.125,6.786875000000001
Harrison Reed,Southampton,28,Midfielder,9,460,3.4444444444444446,1.7777777777777777,0.7777777777777778,0.0,1.0,1.8888888888888888,0.1111111111111111,6.786666666666666
Thibaut Courtois,Chelsea,31,Goalkeeper,32,2814,0.0,0.0,0.0,0.0,0.65625,0.0,0.0,6.784062499999997
Aly Cissokho,Aston Villa,35,Defender,25,2133,1.92,1.24,0.88,0.2,3.96,0.56,0.28,6.776799999999998
Stephen Ward,Burnley,38,Defender,9,623,1.8888888888888888,2.0,0.4444444444444444,0.0,3.2222222222222223,1.2222222222222223,0.5555555555555556,6.774444444444445
Nedum Onuoha,QPR,36,Defender,23,1928,2.391304347826087,1.6956521739130435,1.0,0.6956521739130435,6.217391304347826,0.5217391304347826,0.43478260869565216,6.7678260869565205
Romelu Lukaku,Everton,30,Forward,36,2877,0.3055555555555556,0.05555555555555555,0.8055555555555556,0.0,0.2222222222222222,0.16666666666666666,0.027777777777777776,6.7650000000000015
Carles Gil,Aston Villa,30,Midfielder,5,359,0.8,0.6,0.6,0.2,0.0,1.8,0.0,6.761999999999999
Dame N'Doye,Hull,38,Forward,15,1196,0.8666666666666667,0.3333333333333333,2.2,0.0,0.4,0.5333333333333333,0.06666666666666667,6.758
Peter Crouch,Stoke,42,Forward,33,1676,0.3333333333333333,0.15151515151515152,0.9090909090909091,0.0,0.9696969696969697,0.2727272727272727,0.06060606060606061,6.755757575757576
Joe Hart,Man City,36,Goalkeeper,36,3240,0.0,0.0,0.0,0.0,1.0,0.0,0.0,6.753333333333335
Marko Arnautovic,Stoke,34,Forward,29,1918,1.2413793103448276,0.896551724137931,1.103448275862069,0.0,0.13793103448275862,0.5517241379310345,0.034482758620689655,6.752413793103449
Rafael,Man Utd,33,Defender,10,591,2.1,2.0,0.6,0.0,3.1,0.8,0.2,6.751
Liam Moore,Leicester,30,Defender,11,936,1.1818181818181819,1.0,0.7272727272727273,0.8181818181818182,7.181818181818182,0.2727272727272727,1.3636363636363635,6.747272727272727
Jordi Gómez,Sunderland,38,Midfielder,29,1942,1.6551724137931034,1.4827586206896552,1.206896551724138,0.0,1.1724137931034482,1.206896551724138,0.1724137931034483,6.743793103448276
Carlos Sánchez,Aston Villa,37,Midfielder,28,1987,2.75,1.3571428571428572,1.6428571428571428,0.0,1.5714285714285714,1.1071428571428572,0.21428571428571427,6.741785714285713
Dean Marney,Burnley,39,Midfielder,20,1688,2.55,1.75,1.05,0.0,1.15,1.05,0.35,6.7415
Steven Taylor,Newcastle,37,Defender,10,653,0.6,0.8,0.6,0.8,5.3,0.2,1.1,6.7379999999999995
Ayoze Pérez,Newcastle,30,Forward,36,2372,1.1111111111111112,0.7777777777777778,0.8888888888888888,0.0,0.5833333333333334,0.7777777777777778,0.027777777777777776,6.7366666666666655
Andy King,Leicester,34,Midfielder,24,1374,1.875,1.25,0.2916666666666667,0.0,1.0416666666666667,0.8333333333333334,0.16666666666666666,6.732916666666667
Mikel Arteta,Arsenal,41,Defender,7,450,1.5714285714285714,0.7142857142857143,1.5714285714285714,0.0,0.7142857142857143,0.7142857142857143,0.14285714285714285,6.732857142857142
Mathieu Flamini,Arsenal,39,Midfielder,23,1456,1.9130434782608696,2.130434782608696,0.9130434782608695,0.08695652173913043,1.434782608695652,0.6956521739130435,0.30434782608695654,6.729130434782608
Simon Mignolet,Liverpool,35,Goalkeeper,36,3224,0.027777777777777776,0.0,0.0,0.0,1.5,0.0,0.0,6.72777777777778
Muhamed Besic,Everton,30,Midfielder,23,1286,2.5217391304347827,1.0434782608695652,1.3043478260869565,0.0,1.434782608695652,1.7826086956521738,0.13043478260869565,6.726086956521738
Andy Robertson,Hull,29,Defender,24,1527,2.125,1.6666666666666667,0.4583333333333333,0.041666666666666664,2.0833333333333335,1.25,0.25,6.722916666666667
Gerhard Tremmel,Swansea,44,Goalkeeper,2,109,0.0,0.0,0.0,0.0,1.5,0.0,0.0,6.72
Mark Schwarzer,Leicester,50,Goalkeeper,6,540,0.0,0.0,0.0,0.0,0.8333333333333334,0.0,0.0,6.72
David Jones,Burnley,38,Midfielder,36,3210,1.4166666666666667,2.25,0.7777777777777778,0.027777777777777776,1.4722222222222223,0.5833333333333334,0.3333333333333333,6.719722222222222
Alberto Moreno,Liverpool,31,Defender,28,2263,1.9285714285714286,1.1785714285714286,1.2857142857142858,0.03571428571428571,1.6071428571428572,0.42857142857142855,0.10714285714285714,6.7196428571428575
Adam Johnson,Sunderland,36,Midfielder,32,2084,0.625,0.53125,0.46875,0.0,0.3125,0.46875,0.03125,6.717187499999999
Jake Livermore,Hull,33,Midfielder,35,3033,2.7714285714285714,1.7142857142857142,1.5142857142857142,0.0,0.7142857142857143,1.0,0.34285714285714286,6.713142857142858
Leon Osman,Everton,42,Midfielder,21,1276,1.0,0.7142857142857143,0.8095238095238095,0.09523809523809523,1.1428571428571428,0.8095238095238095,0.0,6.710476190476191
Ashley Barnes,Burnley,33,Forward,35,2428,0.6571428571428571,0.5428571428571428,2.1142857142857143,0.08571428571428572,1.0285714285714285,0.6285714285714286,0.22857142857142856,6.706857142857144
Danny Drinkwater,Leicester,33,Midfielder,23,1488,2.260869565217391,1.7391304347826086,1.3478260869565217,0.0,1.434782608695652,1.0,0.17391304347826086,6.704782608695653
Wes Brown,Sunderland,43,Defender,25,1994,1.52,1.16,0.64,0.16,5.2,0.64,1.0,6.7044000000000015
Marouane Chamakh,Crystal Palace,39,Forward,18,1156,1.6111111111111112,0.5555555555555556,2.2222222222222223,0.0,1.3888888888888888,0.8888888888888888,0.0,6.703333333333334
Dean Hammond,Leicester,40,Midfielder,12,781,2.1666666666666665,1.75,1.6666666666666667,0.0,1.5,1.6666666666666667,0.3333333333333333,6.701666666666667
Danny Simpson,Leicester,36,Defender,14,1185,2.0714285714285716,2.2857142857142856,1.2142857142857142,0.5,3.4285714285714284,0.7142857142857143,0.35714285714285715,6.700714285714286
Paddy McNair,Man Utd,28,Defender,16,1028,1.4375,1.625,0.5,0.5,4.4375,0.6875,0.25,6.698125
Enner Valencia,West Ham,33,Forward,32,2107,0.9375,0.5,1.125,0.0,0.1875,0.84375,0.15625,6.69625
Eldin Jakupovic,Hull,38,Goalkeeper,3,227,0.0,0.0,0.0,0.0,3.0,0.0,0.0,6.6933333333333325
Michael Keane,Man Utd,30,Defender,1,46,1.0,1.0,1.0,0.0,1.0,0.0,0.0,6.69
Shane Long,Southampton,36,Forward,32,1542,0.71875,0.6875,0.875,0.0,0.5,0.4375,0.03125,6.686562500000002
Tomas Rosicky,Arsenal,42,Midfielder,15,576,0.6666666666666666,0.5333333333333333,0.4666666666666667,0.0,0.4666666666666667,0.4666666666666667,0.06666666666666667,6.686000000000002
Joel Robles,Everton,33,Goalkeeper,7,585,0.0,0.0,0.0,0.0,0.8571428571428571,0.0,0.0,6.685714285714285
Saido Berahino,WBA,30,Forward,38,2930,0.7894736842105263,0.2631578947368421,0.8421052631578947,0.0,0.18421052631578946,0.47368421052631576,0.05263157894736842,6.685263157894736
Ben Davies,Tottenham,30,Defender,14,891,1.3571428571428572,1.4285714285714286,0.5,0.35714285714285715,3.0,0.6428571428571429,0.14285714285714285,6.685
Philipp Wollscheid,Stoke,34,Defender,12,1007,1.4166666666666667,1.3333333333333333,0.75,0.6666666666666666,6.166666666666667,1.0833333333333333,0.25,6.6825
Ramires,Chelsea,36,Midfielder,23,1102,1.2173913043478262,0.5652173913043478,0.8260869565217391,0.0,1.0,0.6956521739130435,0.0,6.679565217391304
David de Gea,Man Utd,32,Goalkeeper,37,3314,0.0,0.05405405405405406,0.0,0.0,0.5405405405405406,0.02702702702702703,0.0,6.679189189189188
Fraser Forster,Southampton,35,Goalkeeper,30,2624,0.0,0.0,0.0,0.0,0.6,0.03333333333333333,0.0,6.673333333333333
Matthew Lowton,Aston Villa,34,Defender,12,755,1.5,1.3333333333333333,0.6666666666666666,0.25,3.0,1.0833333333333333,0.25,6.672499999999999
Lazar Markovic,Liverpool,29,Midfielder,19,935,1.368421052631579,0.8421052631578947,0.5263157894736842,0.05263157894736842,0.47368421052631576,0.6842105263157895,0.05263157894736842,6.67105263157895
Joseph O'Brien,West Ham,37,Defender,9,526,1.4444444444444444,0.7777777777777778,0.8888888888888888,0.3333333333333333,3.6666666666666665,0.3333333333333333,0.5555555555555556,6.664444444444445
Yun Suk-Young,QPR,33,Defender,23,1726,2.0,1.7826086956521738,0.6521739130434783,0.6086956521739131,4.173913043478261,1.2173913043478262,0.34782608695652173,6.664347826086956
Samuel Eto'o,Everton,42,Forward,14,782,0.2857142857142857,0.2857142857142857,0.42857142857142855,0.0,0.5,0.2857142857142857,0.0,6.662142857142858
Gabriel Obertan,Newcastle,34,Forward,13,653,0.8461538461538461,0.9230769230769231,0.23076923076923078,0.0,0.23076923076923078,0.46153846153846156,0.07692307692307693,6.659999999999998
Ashley Westwood,Aston Villa,33,Midfielder,27,2152,1.2222222222222223,1.4444444444444444,0.8518518518518519,0.0,1.8148148148148149,0.5925925925925926,0.5185185185185185,6.658518518518519
James Ward-Prowse,Southampton,28,Midfielder,25,1478,0.8,0.6,0.88,0.0,0.48,0.76,0.04,6.651599999999999
Asmir Begovic,Stoke,36,Goalkeeper,35,3150,0.0,0.0,0.02857142857142857,0.0,0.5428571428571428,0.05714285714285714,0.0,6.651142857142858
Brendan Galloway,Everton,27,Defender,2,174,2.5,0.0,1.0,0.0,4.0,0.0,1.0,6.65
Ron Vlaar,Aston Villa,38,Defender,20,1647,0.85,2.0,0.45,0.95,5.75,0.15,0.45,6.649499999999999
Robert Green,QPR,43,Goalkeeper,36,3184,0.027777777777777776,0.05555555555555555,0.0,0.0,1.0,0.1388888888888889,0.0,6.647777777777778
Carl Jenkinson,West Ham,31,Defender,32,2667,1.125,1.125,0.4375,0.21875,3.5625,0.5,0.375,6.647187499999999
Jazz Richards,Swansea,32,Defender,10,636,1.8,2.1,0.8,0.0,2.3,0.9,0.1,6.647
Papiss Cissé,Newcastle,38,Forward,22,1154,0.4090909090909091,0.09090909090909091,0.7272727272727273,0.0,0.22727272727272727,0.5,0.045454545454545456,6.645909090909091
Wayne Routledge,Swansea,38,Midfielder,29,2318,1.0689655172413792,0.7586206896551724,1.206896551724138,0.0,0.7931034482758621,0.5862068965517241,0.034482758620689655,6.644137931034482
Brad Guzan,Aston Villa,38,Goalkeeper,34,3060,0.0,0.08823529411764706,0.029411764705882353,0.0,0.7352941176470589,0.0,0.0,6.643235294117649
Philippe Senderos,Aston Villa,38,Defender,8,632,0.875,1.125,1.25,0.75,6.0,0.625,1.125,6.641249999999999
Tom Cleverley,Aston Villa,34,Midfielder,31,2520,2.3225806451612905,0.9032258064516129,0.967741935483871,0.0,0.7419354838709677,1.096774193548387,0.0967741935483871,6.64032258064516
Graham Dorrans,WBA,36,Midfielder,21,1594,1.1428571428571428,1.1904761904761905,1.0476190476190477,0.047619047619047616,0.47619047619047616,0.7619047619047619,0.09523809523809523,6.63952380952381
Jack Grealish,Aston Villa,27,Midfielder,17,817,0.5882352941176471,0.4117647058823529,0.29411764705882354,0.0,0.35294117647058826,0.17647058823529413,0.058823529411764705,6.6382352941176475
Kasper Schmeichel,Leicester,36,Goalkeeper,24,2160,0.0,0.08333333333333333,0.0,0.0,0.9166666666666666,0.041666666666666664,0.0,6.634166666666665
Edin Dzeko,Man City,37,Forward,22,932,0.45454545454545453,0.22727272727272727,0.5909090909090909,0.0,0.6363636363636364,0.22727272727272727,0.09090909090909091,6.6340909090909115
Mousa Dembélé,Tottenham,36,Midfielder,26,1140,0.9615384615384616,0.8461538461538461,1.3846153846153846,0.0,0.23076923076923078,0.3076923076923077,0.038461538461538464,6.631923076923076
Emmanuel Adebayor,Tottenham,39,Forward,13,814,0.38461538461538464,0.23076923076923078,1.0,0.0,0.23076923076923078,0.23076923076923078,0.07692307692307693,6.63
Jack Rodwell,Sunderland,32,Midfielder,23,1487,1.5217391304347827,0.5652173913043478,1.0869565217391304,0.0,1.7391304347826086,0.5652173913043478,0.6086956521739131,6.629565217391305
Jack Cork,Southampton,34,Midfielder,12,477,0.6666666666666666,0.6666666666666666,0.75,0.0,0.4166666666666667,0.08333333333333333,0.0,6.6275
Armand Traore,QPR,33,Defender,16,782,1.4375,1.6875,0.6875,0.125,4.25,0.75,0.25,6.6274999999999995
Jordon Ibe,Liverpool,27,Midfielder,12,618,0.3333333333333333,0.3333333333333333,0.25,0.0,0.08333333333333333,0.0,0.0,6.626666666666666
David Meyler,Hull,34,Midfielder,28,1730,2.142857142857143,1.2857142857142858,1.1785714285714286,0.03571428571428571,1.2142857142857142,1.0,0.25,6.626428571428574
Pape Souaré,Crystal Palace,33,Defender,9,606,1.4444444444444444,1.2222222222222223,0.6666666666666666,0.1111111111111111,1.4444444444444444,0.3333333333333333,0.4444444444444444,6.6255555555555565
Alejandro Faurlin,QPR,37,Midfielder,2,91,3.0,0.5,0.5,0.0,0.0,1.0,0.0,6.625
Bafétimbi Gomis,Swansea,38,Forward,31,1644,0.41935483870967744,0.03225806451612903,0.7741935483870968,0.0,1.064516129032258,0.16129032258064516,0.06451612903225806,6.622903225806453
Eduardo Vargas,QPR,33,Forward,21,1386,0.8571428571428571,0.7142857142857143,0.5714285714285714,0.0,0.42857142857142855,0.8095238095238095,0.0,6.621428571428572
Mike Williamson,Newcastle,39,Defender,31,2418,1.064516129032258,1.3548387096774193,0.5161290322580645,1.1612903225806452,5.774193548387097,0.5161290322580645,0.5806451612903226,6.620322580645162
Loïc Rémy,QPR,36,Forward,2,180,0.0,0.0,0.5,0.0,0.0,0.5,0.0,6.62
Willy Caballero,Man City,41,Goalkeeper,2,180,0.0,0.0,0.0,0.0,1.0,0.0,0.0,6.62
Andre Wisdom,WBA,30,Defender,24,1971,1.0833333333333333,1.25,0.5416666666666666,0.375,2.75,0.4166666666666667,0.25,6.610833333333335
Nikica Jelavic,Hull,38,Forward,26,1810,0.3076923076923077,0.2692307692307692,1.1153846153846154,0.0,0.7692307692307693,0.7307692307692307,0.15384615384615385,6.6088461538461525
Jermain Defoe,Sunderland,40,Forward,17,1457,1.0,0.47058823529411764,0.5294117647058824,0.0,0.11764705882352941,1.0588235294117647,0.0,6.608823529411764
Theo Walcott,Arsenal,34,Forward,14,442,0.0,0.21428571428571427,0.14285714285714285,0.0,0.07142857142857142,0.0,0.0,6.607857142857142
Darron Gibson,Everton,35,Midfielder,9,411,1.2222222222222223,1.0,0.5555555555555556,0.0,1.6666666666666667,0.3333333333333333,0.3333333333333333,6.607777777777778
Niko Kranjcar,QPR,39,Midfielder,22,1115,1.4090909090909092,0.8181818181818182,1.0,0.0,0.8181818181818182,1.3181818181818181,0.045454545454545456,6.6068181818181815
Radamel Falcao,Man Utd,37,Forward,26,1287,0.38461538461538464,0.2692307692307692,0.8076923076923077,0.0,0.34615384615384615,0.23076923076923078,0.07692307692307693,6.606538461538461
André Schürrle,Chelsea,32,Midfielder,14,433,1.2857142857142858,0.35714285714285715,0.7142857142857143,0.0,0.14285714285714285,0.5714285714285714,0.07142857142857142,6.6049999999999995
Darnell Furlong,QPR,27,Defender,3,226,1.0,2.6666666666666665,1.0,0.6666666666666666,3.0,2.0,0.3333333333333333,6.603333333333334
Yoan Gouffran,Newcastle,37,Forward,31,1973,1.6451612903225807,1.2580645161290323,0.7096774193548387,0.03225806451612903,1.032258064516129,0.5161290322580645,0.0,6.602903225806453
Kurt Zouma,Chelsea,28,Defender,15,644,1.1333333333333333,0.4666666666666667,0.4,0.2,3.066666666666667,0.13333333333333333,0.2,6.601333333333333
Rolando Aarons,Newcastle,27,Midfielder,4,128,0.75,0.25,0.25,0.0,0.25,0.0,0.0,6.6
Gastón Ramírez,Hull,32,Midfielder,22,986,1.4545454545454546,0.4090909090909091,0.6363636363636364,0.0,0.3181818181818182,1.0454545454545454,0.045454545454545456,6.59909090909091
Siem de Jong,Newcastle,34,Midfielder,4,147,1.25,0.0,0.25,0.0,0.5,0.5,0.0,6.5975
Scott Arfield,Burnley,34,Midfielder,37,3204,1.9189189189189189,1.1081081081081081,1.4594594594594594,0.02702702702702703,0.972972972972973,2.081081081081081,0.13513513513513514,6.584864864864863
Loïc Rémy,Chelsea,36,Forward,19,668,0.15789473684210525,0.10526315789473684,0.47368421052631576,0.0,0.2631578947368421,0.10526315789473684,0.0,6.580526315789474
David Nugent,Leicester,38,Forward,29,1705,0.5517241379310345,0.3448275862068966,0.7931034482758621,0.0,0.2413793103448276,0.2413793103448276,0.13793103448275862,6.577241379310345
Mehdi Abeid,Newcastle,31,Midfielder,13,663,1.6923076923076923,1.6923076923076923,0.9230769230769231,0.0,0.7692307692307693,0.6923076923076923,0.07692307692307693,6.573076923076922
Tom Cleverley,Man Utd,34,Midfielder,1,90,3.0,0.0,2.0,0.0,0.0,3.0,0.0,6.57
Leon Britton,Swansea,40,Midfielder,9,537,2.0,1.2222222222222223,0.4444444444444444,0.0,0.6666666666666666,0.6666666666666666,0.5555555555555556,6.567777777777778
Vlad Chiriches,Tottenham,33,Defender,10,709,1.9,2.7,1.1,0.6,1.7,1.0,0.3,6.567
Ben Hamer,Leicester,35,Goalkeeper,9,721,0.0,0.0,0.0,0.0,1.2222222222222223,0.0,0.0,6.566666666666666
Youssouf Mulumbu,WBA,36,Midfielder,17,900,2.4705882352941178,1.5294117647058822,1.4705882352941178,0.0,0.47058823529411764,0.9411764705882353,0.11764705882352941,6.566470588235294
Kevin Nolan,West Ham,41,Midfielder,29,1747,1.3103448275862069,1.206896551724138,0.7586206896551724,0.0,1.1724137931034482,1.0344827586206897,0.27586206896551724,6.5617241379310345
Frank Lampard,Man City,45,Midfielder,32,991,0.78125,0.375,0.21875,0.0,0.15625,0.375,0.09375,6.557187500000001
Liam Bridcutt,Sunderland,34,Midfielder,18,908,2.2777777777777777,1.3333333333333333,1.1666666666666667,0.05555555555555555,0.7222222222222222,0.7777777777777778,0.4444444444444444,6.555555555555555
Kevin Mirallas,Everton,35,Midfielder,29,1424,0.7241379310344828,0.20689655172413793,0.5517241379310345,0.0,0.034482758620689655,0.5862068965517241,0.034482758620689655,6.55448275862069
Eljero Elia,Southampton,36,Forward,16,788,1.625,0.625,1.0625,0.0,0.1875,0.5625,0.0,6.551875
Adrian Mariappa,Crystal Palace,36,Defender,12,840,1.5,1.1666666666666667,1.0,0.0,3.1666666666666665,0.5,0.3333333333333333,6.550000000000001
Steven Fletcher,Sunderland,36,Forward,30,1784,0.7,0.3,0.7666666666666667,0.03333333333333333,0.6,0.4,0.13333333333333333,6.548333333333334
Mario Balotelli,Liverpool,33,Forward,16,940,0.8125,0.1875,1.8125,0.0,0.75,0.0625,0.125,6.544999999999998
Andros Townsend,Tottenham,32,Midfielder,17,754,1.4705882352941178,0.5882352941176471,0.35294117647058826,0.0,0.058823529411764705,0.6470588235294118,0.0,6.541764705882353
Nathan Dyer,Swansea,35,Midfielder,32,1868,0.96875,0.625,0.65625,0.0,0.21875,1.0,0.03125,6.5409375
Leandro Bacuna,Aston Villa,32,Midfielder,19,981,1.3157894736842106,0.7368421052631579,0.7894736842105263,0.21052631578947367,0.9473684210526315,0.8421052631578947,0.0,6.538947368421051
Stéphane Sessègnon,WBA,39,Midfielder,28,1765,0.75,0.21428571428571427,0.5357142857142857,0.0,0.32142857142857145,0.5714285714285714,0.03571428571428571,6.536785714285714
Vurnon Anita,Newcastle,34,Midfielder,19,1276,2.263157894736842,2.1578947368421053,0.8947368421052632,0.05263157894736842,1.368421052631579,0.47368421052631576,0.05263157894736842,6.533157894736842
Aiden McGeady,Everton,37,Midfielder,16,887,0.9375,0.375,1.0,0.0,0.1875,0.8125,0.0,6.530625000000001
Stephen Ireland,Stoke,37,Midfielder,17,935,1.4705882352941178,0.8823529411764706,1.0588235294117647,0.0,0.17647058823529413,0.8823529411764706,0.058823529411764705,6.525882352941175
Benjamin Stambouli,Tottenham,33,Midfielder,12,454,2.4166666666666665,0.9166666666666666,0.5,0.0,0.6666666666666666,0.6666666666666666,0.08333333333333333,6.523333333333333
Kolo Touré,Liverpool,42,Defender,12,711,1.5,0.6666666666666666,0.25,0.25,4.5,0.3333333333333333,0.5833333333333334,6.523333333333333
Luke Garbutt,Everton,30,Defender,4,286,1.75,1.0,0.25,0.25,4.0,0.75,0.0,6.52
Victor Anichebe,WBA,35,Forward,21,1035,0.09523809523809523,0.047619047619047616,0.8571428571428571,0.0,0.6190476190476191,0.0,0.0,6.516190476190476
Jordi Amat,Swansea,31,Defender,10,589,1.3,1.6,0.8,0.0,3.6,0.5,0.5,6.5139999999999985
Bryan Oviedo,Everton,33,Defender,6,318,1.5,0.6666666666666666,1.0,0.0,2.0,0.8333333333333334,0.3333333333333333,6.513333333333333
Dwight Tiendalli,Swansea,37,Defender,3,128,2.6666666666666665,1.3333333333333333,0.6666666666666666,0.0,1.6666666666666667,0.6666666666666666,0.3333333333333333,6.513333333333333
Vito Mannone,Sunderland,35,Goalkeeper,10,900,0.1,0.2,0.0,0.0,1.2,0.0,0.0,6.513
Stephen Quinn,Hull,37,Midfielder,28,1640,1.1071428571428572,1.25,0.6428571428571429,0.0,0.7857142857142857,0.6785714285714286,0.10714285714285714,6.508214285714287
Ben Foster,WBA,40,Goalkeeper,28,2486,0.0,0.0,0.07142857142857142,0.0,0.6071428571428571,0.03571428571428571,0.0,6.507499999999999
Liam Rosenior,Hull,39,Defender,13,577,0.5384615384615384,0.8461538461538461,0.3076923076923077,0.07692307692307693,1.5384615384615385,0.38461538461538464,0.23076923076923078,6.506153846153846
Julian Speroni,Crystal Palace,44,Goalkeeper,36,3205,0.0,0.027777777777777776,0.0,0.0,0.6666666666666666,0.08333333333333333,0.0,6.5038888888888895
Abel Hernández,Hull,33,Forward,25,1312,0.56,0.2,0.68,0.0,0.08,0.2,0.0,6.493200000000001
Dwight Gayle,Crystal Palace,33,Forward,25,1091,0.64,0.48,0.72,0.0,0.36,0.2,0.0,6.4928
Anderson,Man Utd,35,Midfielder,1,20,1.0,0.0,1.0,0.0,0.0,0.0,0.0,6.49
Morgan Amalfitano,West Ham,38,Midfielder,24,1183,0.75,0.5833333333333334,0.375,0.0,0.5,0.4166666666666667,0.041666666666666664,6.489166666666666
Bobby Zamora,QPR,42,Forward,31,1783,0.3225806451612903,0.16129032258064516,1.5161290322580645,0.0,0.3548387096774194,0.41935483870967744,0.0967741935483871,6.48741935483871
Callum McManaman,WBA,32,Midfielder,8,347,0.25,0.375,0.625,0.0,0.625,0.25,0.0,6.48625
Ricardo Álvarez,Sunderland,35,Midfielder,13,495,0.8461538461538461,0.38461538461538464,0.38461538461538464,0.0,0.15384615384615385,0.9230769230769231,0.0,6.484615384615386
Matt Upson,Leicester,44,Defender,5,375,1.4,1.8,0.4,0.4,3.8,1.4,0.2,6.4799999999999995
Peter Odemwingie,Stoke,42,Forward,7,190,1.2857142857142858,0.5714285714285714,0.14285714285714285,0.0,0.0,0.42857142857142855,0.0,6.4799999999999995
Matthew Taylor,Burnley,41,Midfielder,10,570,0.7,0.8,0.9,0.2,1.2,0.8,0.0,6.479000000000002
Gabriel Agbonlahor,Aston Villa,36,Forward,34,2695,0.47058823529411764,0.23529411764705882,1.1764705882352942,0.0,0.5,0.3235294117647059,0.029411764705882353,6.477647058823528
Fraizer Campbell,Crystal Palace,35,Forward,20,1176,0.45,0.3,0.9,0.0,0.1,0.45,0.05,6.474500000000001
Adnan Januzaj,Man Utd,28,Midfielder,18,850,0.6111111111111112,0.5,0.7222222222222222,0.0,0.4444444444444444,0.2222222222222222,0.05555555555555555,6.473888888888889
Wayne Hennessey,Crystal Palace,36,Goalkeeper,3,215,0.0,0.0,0.0,0.0,0.0,0.0,0.0,6.47
Adel Taarabt,QPR,34,Midfielder,7,295,0.2857142857142857,0.2857142857142857,0.2857142857142857,0.0,0.0,0.0,0.0,6.468571428571429
Emiliano Martínez,Arsenal,30,Goalkeeper,4,301,0.0,0.0,0.0,0.0,0.5,0.0,0.0,6.4624999999999995
Jonny Williams,Crystal Palace,29,Midfielder,2,35,1.0,1.0,0.0,0.5,0.0,0.0,0.0,6.46
Silvestre Varela,WBA,38,Forward,7,333,0.42857142857142855,1.0,1.0,0.0,0.14285714285714285,0.5714285714285714,0.0,6.457142857142856
Wojciech Szczesny,Arsenal,33,Goalkeeper,17,1499,0.0,0.0,0.0,0.0,0.5882352941176471,0.058823529411764705,0.0,6.457058823529413
Paul Konchesky,Leicester,42,Defender,26,2250,1.4615384615384615,1.6153846153846154,0.7692307692307693,0.34615384615384615,3.076923076923077,0.46153846153846156,0.23076923076923078,6.455769230769231
Tyler Blackett,Man Utd,29,Defender,11,650,0.9090909090909091,1.7272727272727273,0.9090909090909091,0.7272727272727273,4.0,0.45454545454545453,0.09090909090909091,6.449999999999999
Tim Howard,Everton,44,Goalkeeper,32,2836,0.0,0.09375,0.03125,0.0,0.875,0.03125,0.0,6.4412499999999975
Gastón Ramírez,Southampton,32,Midfielder,1,24,2.0,0.0,1.0,0.0,0.0,0.0,0.0,6.44
John Obi Mikel,Chelsea,36,Midfielder,18,697,1.1666666666666667,0.7777777777777778,0.7777777777777778,0.0,0.7222222222222222,0.8333333333333334,0.05555555555555555,6.4383333333333335
Chuba Akpom,Arsenal,27,Forward,3,27,0.3333333333333333,0.0,0.3333333333333333,0.0,0.3333333333333333,0.0,0.0,6.436666666666667
Karl Henry,QPR,40,Midfielder,33,2506,1.8484848484848484,1.121212121212121,1.1818181818181819,0.0,0.696969696969697,0.48484848484848486,0.15151515151515152,6.433333333333333
Chris Baird,WBA,41,Defender,19,803,0.9473684210526315,0.8947368421052632,0.47368421052631576,0.15789473684210525,2.3157894736842106,0.15789473684210525,0.3157894736842105,6.431052631578947
Didier Drogba,Chelsea,45,Forward,28,856,0.4642857142857143,0.07142857142857142,0.4642857142857143,0.0,0.42857142857142855,0.14285714285714285,0.10714285714285714,6.427500000000001
Michael Doughty,QPR,30,Midfielder,3,51,1.3333333333333333,0.0,0.3333333333333333,0.0,1.0,0.6666666666666666,0.0,6.419999999999999
Yaya Sanogo,Arsenal,30,Forward,3,140,0.3333333333333333,0.0,0.3333333333333333,0.0,0.6666666666666666,0.0,0.0,6.419999999999999
Allan McGregor,Hull,41,Goalkeeper,26,2340,0.038461538461538464,0.0,0.038461538461538464,0.0,0.9230769230769231,0.038461538461538464,0.0,6.418461538461537
Jordon Mutch,Crystal Palace,31,Midfielder,7,333,1.2857142857142858,0.5714285714285714,0.7142857142857143,0.0,0.5714285714285714,0.8571428571428571,0.0,6.417142857142857
Aaron Lennon,Tottenham,36,Midfielder,9,276,1.1111111111111112,0.3333333333333333,0.4444444444444444,0.0,0.2222222222222222,0.2222222222222222,0.0,6.416666666666667
Tim Krul,Newcastle,35,Goalkeeper,30,2700,0.0,0.03333333333333333,0.0,0.0,0.6666666666666666,0.13333333333333333,0.0,6.402333333333333
Danny Welbeck,Man Utd,32,Forward,2,44,1.0,0.0,0.0,0.0,1.0,0.0,0.0,6.4
Christian Atsu,Everton,31,Midfielder,5,110,0.2,0.2,0.0,0.0,0.2,0.2,0.0,6.398
Filip Djuricic,Southampton,31,Midfielder,9,327,0.6666666666666666,0.5555555555555556,0.4444444444444444,0.0,0.3333333333333333,0.3333333333333333,0.0,6.397777777777778
Emanuele Giaccherini,Sunderland,38,Midfielder,8,305,0.375,0.5,0.5,0.0,0.375,1.0,0.0,6.3975
Paulinho,Tottenham,35,Midfielder,15,479,1.2666666666666666,0.3333333333333333,0.6666666666666666,0.0,0.6666666666666666,0.5333333333333333,0.0,6.396
Ricardo Vaz Tê,West Ham,36,Forward,4,224,1.0,0.75,0.25,0.0,0.25,1.25,0.0,6.395
Tom Carroll,Swansea,31,Midfielder,13,693,1.3076923076923077,0.8461538461538461,0.38461538461538464,0.0,1.2307692307692308,1.0769230769230769,0.23076923076923078,6.394615384615386
Andreas Weimann,Aston Villa,32,Forward,31,1780,0.7741935483870968,0.3870967741935484,0.4838709677419355,0.0,0.3225806451612903,0.3870967741935484,0.06451612903225806,6.388387096774193
Michael Kightly,Burnley,37,Midfielder,17,951,1.588235294117647,0.5294117647058824,1.0,0.058823529411764705,0.47058823529411764,1.3529411764705883,0.058823529411764705,6.384117647058824
Cristian Gamboa,WBA,33,Defender,10,237,0.8,0.6,0.1,0.1,1.2,0.6,0.1,6.383
Hatem Ben Arfa,Hull,36,Forward,8,384,0.5,0.125,1.125,0.0,0.375,0.25,0.0,6.3825
Andrej Kramaric,Leicester,32,Forward,13,575,0.5384615384615384,0.07692307692307693,0.07692307692307693,0.0,0.07692307692307693,0.46153846153846156,0.0,6.38
Nani,Man Utd,36,Forward,1,45,0.0,0.0,0.0,0.0,0.0,0.0,0.0,6.37
Charles N'Zogbia,Aston Villa,37,Midfielder,27,1432,0.5185185185185185,0.18518518518518517,1.1481481481481481,0.037037037037037035,0.18518518518518517,0.25925925925925924,0.0,6.368518518518517
Juan Cuadrado,Chelsea,35,Midfielder,12,312,1.0,0.4166666666666667,0.4166666666666667,0.0,0.16666666666666666,0.6666666666666666,0.0,6.368333333333332
Matthew Jarvis,West Ham,37,Midfielder,11,415,0.6363636363636364,0.2727272727272727,0.0,0.0,0.8181818181818182,0.09090909090909091,0.0,6.362727272727273
Kieran Richardson,Aston Villa,38,Midfielder,22,1345,1.1363636363636365,0.6818181818181818,0.6363636363636364,0.13636363636363635,1.1363636363636365,0.8181818181818182,0.2727272727272727,6.361818181818182
Brown Ideye,WBA,34,Forward,24,1299,0.25,0.20833333333333334,1.0416666666666667,0.0,0.6666666666666666,0.16666666666666666,0.041666666666666664,6.360416666666666
Haris Vuckic,Newcastle,31,Forward,1,8,0.0,1.0,0.0,0.0,1.0,0.0,0.0,6.36
Jordon Mutch,QPR,31,Midfielder,9,519,1.6666666666666667,0.7777777777777778,1.2222222222222223,0.0,0.4444444444444444,0.8888888888888888,0.1111111111111111,6.356666666666666
Lukas Jutkiewicz,Burnley,34,Forward,25,978,0.16,0.16,1.0,0.0,0.52,0.44,0.08,6.351600000000001
Joe Cole,Aston Villa,41,Midfielder,12,279,0.5833333333333334,0.25,0.3333333333333333,0.0,0.16666666666666666,0.16666666666666666,0.0,6.3500000000000005
Sone Aluko,Hull,34,Forward,25,1242,0.52,0.4,0.6,0.0,0.12,0.52,0.0,6.342
José Enrique,Liverpool,37,Defender,4,203,0.75,0.5,0.75,0.0,2.75,0.5,0.0,6.3374999999999995
Kelvin Davis,Southampton,46,Goalkeeper,7,616,0.0,0.0,0.0,0.0,0.42857142857142855,0.0,0.0,6.337142857142857
Nélson Oliveira,Swansea,32,Forward,10,389,0.4,0.2,0.5,0.0,0.7,0.4,0.0,6.337
Anthony Knockaert,Leicester,31,Midfielder,9,330,0.7777777777777778,0.4444444444444444,0.6666666666666666,0.0,0.0,1.1111111111111112,0.0,6.336666666666667
Matt Targett,Southampton,27,Defender,6,225,1.0,0.8333333333333334,0.16666666666666666,0.16666666666666666,1.1666666666666667,0.6666666666666666,0.16666666666666666,6.336666666666666
Robert Elliot,Newcastle,37,Goalkeeper,3,226,0.0,0.0,0.0,0.0,0.3333333333333333,0.0,0.0,6.336666666666666
Shaun Wright-Phillips,QPR,41,Midfielder,4,128,0.75,0.75,0.5,0.0,1.25,0.75,0.25,6.335
Modou Barrow,Swansea,30,Midfielder,11,280,0.7272727272727273,0.6363636363636364,0.7272727272727273,0.0,0.2727272727272727,1.0909090909090908,0.09090909090909091,6.334545454545454
Sam Vokes,Burnley,33,Forward,15,562,0.4666666666666667,0.0,0.26666666666666666,0.0,0.2,0.13333333333333333,0.0,6.3340000000000005
Ruben Loftus-Cheek,Chelsea,27,Midfielder,3,134,1.0,1.3333333333333333,1.0,0.0,1.0,1.0,0.0,6.333333333333333
Rickie Lambert,Liverpool,41,Forward,25,825,0.2,0.0,0.48,0.0,0.28,0.2,0.04,6.3271999999999995
Arouna Koné,Everton,39,Forward,12,604,0.4166666666666667,0.16666666666666666,0.8333333333333334,0.0,0.25,0.5833333333333334,0.0,6.3258333333333345
Lukas Podolski,Arsenal,38,Forward,7,99,0.14285714285714285,0.14285714285714285,0.14285714285714285,0.0,0.2857142857142857,0.14285714285714285,0.0,6.324285714285714
James Wilson,Man Utd,27,Forward,13,349,0.23076923076923078,0.3076923076923077,0.3076923076923077,0.0,0.38461538461538464,0.23076923076923078,0.07692307692307693,6.322307692307692
Andreas Pereira,Man Utd,27,Midfielder,1,13,1.0,1.0,1.0,0.0,0.0,1.0,0.0,6.32
Jesse Lingard,Man Utd,30,Midfielder,1,24,1.0,1.0,1.0,0.0,0.0,0.0,0.0,6.32
Guy Demel,West Ham,42,Midfielder,6,258,0.6666666666666666,0.5,0.6666666666666666,0.0,1.1666666666666667,0.16666666666666666,0.16666666666666666,6.316666666666667
Kevin Long,Burnley,33,Defender,1,20,0.0,0.0,0.0,0.0,4.0,0.0,0.0,6.31
Fredrik Ulvestad,Burnley,31,Midfielder,2,67,0.5,0.5,0.5,0.0,0.0,0.5,0.0,6.300000000000001
Adlène Guédioura,Crystal Palace,37,Midfielder,7,122,0.42857142857142855,0.14285714285714285,0.8571428571428571,0.0,0.8571428571428571,0.14285714285714285,0.14285714285714285,6.298571428571429
Kyle Naughton,Tottenham,34,Defender,5,326,3.4,0.8,0.8,0.6,2.0,0.8,1.2,6.296
Steve Sidwell,Stoke,40,Midfielder,12,447,1.1666666666666667,0.5833333333333334,1.0,0.0,1.3333333333333333,0.3333333333333333,0.08333333333333333,6.2941666666666665
Jonas Olsson,WBA,40,Defender,13,823,0.5384615384615384,1.0769230769230769,0.46153846153846156,0.38461538461538464,2.6923076923076925,0.46153846153846156,0.7692307692307693,6.293846153846153
Scott Sinclair,Aston Villa,34,Midfielder,9,461,0.3333333333333333,0.3333333333333333,0.2222222222222222,0.0,0.3333333333333333,0.6666666666666666,0.1111111111111111,6.29111111111111
Danny Graham,Sunderland,38,Forward,14,628,0.07142857142857142,0.14285714285714285,0.14285714285714285,0.0,0.7142857142857143,0.35714285714285715,0.07142857142857142,6.29
Shay Given,Aston Villa,47,Goalkeeper,3,270,0.0,0.3333333333333333,0.0,0.0,1.0,0.0,0.0,6.286666666666666
Carlton Cole,West Ham,39,Forward,23,908,0.17391304347826086,0.13043478260869565,1.2173913043478262,0.0,0.6956521739130435,0.043478260869565216,0.043478260869565216,6.279565217391302
Alex McCarthy,QPR,33,Goalkeeper,3,236,0.0,0.0,0.0,0.0,1.0,0.0,0.0,6.27
Elliot Lee,West Ham,28,Midfielder,1,13,1.0,0.0,0.0,0.0,0.0,0.0,0.0,6.26
Lewis Holtby,Tottenham,32,Midfielder,1,29,0.0,0.0,1.0,0.0,0.0,0.0,0.0,6.26
Mikael Mandron,Sunderland,28,Forward,1,4,1.0,0.0,0.0,0.0,0.0,1.0,0.0,6.26
Nenê,West Ham,42,Midfielder,8,128,0.375,0.0,0.0,0.0,0.125,0.125,0.0,6.25875
Steven Pienaar,Everton,41,Midfielder,9,314,0.2222222222222222,0.1111111111111111,0.8888888888888888,0.0,0.2222222222222222,0.4444444444444444,0.1111111111111111,6.2522222222222235
William Buckley,Sunderland,33,Midfielder,22,870,0.7272727272727273,0.2727272727272727,0.5,0.0,0.2727272727272727,0.5,0.045454545454545456,6.251818181818181
Dominic Gape,Southampton,28,Midfielder,1,1,2.0,0.0,0.0,0.0,0.0,0.0,0.0,6.25
Mauro Zárate,QPR,36,Forward,4,73,0.25,0.0,0.25,0.0,0.0,0.0,0.0,6.2475
Ross Wallace,Burnley,38,Forward,15,230,0.13333333333333333,0.13333333333333333,0.3333333333333333,0.0,0.06666666666666667,0.13333333333333333,0.06666666666666667,6.243333333333335
Joel Campbell,Arsenal,31,Forward,4,39,0.25,0.25,0.0,0.0,0.25,0.25,0.0,6.2425
Junior Hoilett,QPR,33,Midfielder,22,880,0.8181818181818182,0.36363636363636365,0.5909090909090909,0.0,0.2727272727272727,0.45454545454545453,0.045454545454545456,6.241363636363636
Steven Reid,Burnley,42,Midfielder,7,110,0.7142857142857143,0.2857142857142857,0.2857142857142857,0.0,1.0,0.14285714285714285,0.42857142857142855,6.235714285714286
Roberto Soldado,Tottenham,38,Forward,24,796,0.375,0.20833333333333334,0.4583333333333333,0.0,0.375,0.3333333333333333,0.041666666666666664,6.209166666666667
Oussama Assaidi,Stoke,35,Forward,9,224,0.6666666666666666,0.1111111111111111,0.7777777777777778,0.0,0.2222222222222222,0.4444444444444444,0.0,6.20888888888889
Emmanuel Rivière,Newcastle,33,Forward,23,1215,0.391304347826087,0.21739130434782608,0.6521739130434783,0.0,0.17391304347826086,0.17391304347826086,0.0,6.207826086956523
Paulo Gazzaniga,Southampton,31,Goalkeeper,2,180,0.0,0.0,0.0,0.0,1.0,0.0,0.0,6.205
Bradley Jones,Liverpool,41,Goalkeeper,3,196,0.0,0.0,0.0,0.0,0.3333333333333333,0.0,0.0,6.196666666666666
Georgios Samaras,WBA,38,Forward,5,67,0.2,0.0,0.6,0.0,0.2,0.0,0.0,6.196
Darren Fletcher,Man Utd,39,Midfielder,11,365,0.5454545454545454,0.7272727272727273,0.18181818181818182,0.0,0.36363636363636365,0.36363636363636365,0.0,6.194545454545454
Chicharito,Man Utd,35,Forward,1,46,0.0,1.0,2.0,0.0,0.0,1.0,0.0,6.19
Nathan Aké,Chelsea,28,Defender,1,17,0.0,1.0,1.0,0.0,1.0,0.0,0.0,6.19
Stuart O'Keefe,Crystal Palace,32,Midfielder,2,84,1.5,0.5,1.5,0.0,0.5,0.5,0.0,6.1899999999999995
Tom Ince,Hull,31,Midfielder,7,300,0.2857142857142857,0.14285714285714285,0.7142857142857143,0.0,0.42857142857142855,0.5714285714285714,0.0,6.185714285714286
Jason McCarthy,Southampton,27,Defender,1,3,0.0,0.0,0.0,0.0,1.0,0.0,0.0,6.18
Lloyd Isgrove,Southampton,30,Midfielder,1,8,2.0,0.0,0.0,0.0,0.0,1.0,0.0,6.18
Marvin Emnes,Swansea,35,Forward,17,504,0.5294117647058824,0.11764705882352941,0.6470588235294118,0.0,0.23529411764705882,0.35294117647058826,0.0,6.170588235294117
Chris Wood,Leicester,31,Forward,7,107,0.0,0.0,0.7142857142857143,0.0,0.14285714285714285,0.0,0.0,6.170000000000001
Fabio Borini,Liverpool,32,Forward,12,394,0.16666666666666666,0.4166666666666667,0.75,0.0,0.0,0.16666666666666666,0.0,6.160833333333334
Mohamed Diamé,West Ham,36,Midfielder,3,55,1.6666666666666667,0.0,0.3333333333333333,0.0,0.3333333333333333,0.0,0.0,6.156666666666666
Jiang Guangtai,Everton,29,Defender,2,29,0.0,0.0,0.5,0.0,0.0,0.0,0.0,6.155
Jozy Altidore,Sunderland,33,Forward,11,304,0.18181818181818182,0.09090909090909091,0.6363636363636364,0.0,0.2727272727272727,0.5454545454545454,0.0,6.153636363636363
Barry Bannan,Crystal Palace,33,Midfielder,7,137,0.5714285714285714,0.2857142857142857,0.2857142857142857,0.0,0.0,0.5714285714285714,0.0,6.152857142857143
Jed Steer,Aston Villa,30,Goalkeeper,1,90,0.0,0.0,0.0,0.0,0.0,0.0,0.0,6.15
Jak Alnwick,Newcastle,30,Goalkeeper,6,495,0.0,0.0,0.0,0.0,2.0,0.16666666666666666,0.0,6.1499999999999995
Yannick Sagbo,Hull,35,Forward,4,55,1.0,0.25,0.75,0.0,0.0,0.0,0.0,6.1475
Daniel Lafferty,Burnley,34,Defender,1,16,1.0,0.0,1.0,0.0,1.0,0.0,0.0,6.14
Diego Poyet,West Ham,28,Midfielder,3,90,0.6666666666666666,0.6666666666666666,0.6666666666666666,0.0,0.3333333333333333,0.3333333333333333,0.0,6.133333333333333
Dionatan Teixeira,Stoke,31,Defender,1,4,0.0,0.0,0.0,0.0,1.0,0.0,0.0,6.13
Robert Huth,Stoke,39,Defender,1,3,0.0,0.0,0.0,0.0,1.0,0.0,0.0,6.13
José Ángel Pozo,Man City,27,Midfielder,3,137,0.0,0.0,0.6666666666666666,0.0,0.0,0.6666666666666666,0.0,6.113333333333333
DeAndre Yedlin,Tottenham,30,Defender,1,11,1.0,0.0,0.0,0.0,0.0,1.0,0.0,6.11
Kevin Doyle,Crystal Palace,39,Forward,3,34,0.3333333333333333,0.0,0.6666666666666666,0.0,0.3333333333333333,0.0,0.0,6.103333333333334
Matt Grimes,Swansea,28,Midfielder,3,42,0.3333333333333333,0.3333333333333333,0.3333333333333333,0.0,0.0,0.6666666666666666,0.0,6.103333333333333
Shola Ameobi,Crystal Palace,41,Forward,4,38,0.25,0.0,0.25,0.0,0.5,0.25,0.0,6.102499999999999
Robert Snodgrass,Hull,35,Midfielder,1,40,0.0,0.0,0.0,0.0,2.0,0.0,0.0,6.1
Jason Davidson,WBA,32,Defender,2,103,1.5,1.5,0.5,0.0,0.0,1.0,0.0,6.095
Isaiah Brown,Chelsea,26,Midfielder,1,11,0.0,0.0,0.0,0.0,0.0,0.0,0.0,6.09
Adam Armstrong,Newcastle,26,Forward,11,204,0.5454545454545454,0.0,0.6363636363636364,0.0,0.09090909090909091,0.2727272727272727,0.0,6.086363636363637
Andreas Christensen,Chelsea,27,Defender,1,12,0.0,0.0,1.0,0.0,0.0,1.0,0.0,6.08
Jake Hesketh,Southampton,27,Midfielder,2,52,1.0,0.0,0.5,0.0,0.0,0.5,0.0,6.08
Yaya Sanogo,Crystal Palace,30,Forward,10,317,0.2,0.3,1.7,0.0,0.4,0.7,0.0,6.079000000000001
Danny Simpson,QPR,36,Defender,1,68,0.0,2.0,0.0,0.0,0.0,0.0,0.0,6.05
Emmanuel Mayuka,Southampton,32,Forward,5,49,0.2,0.4,0.4,0.0,0.2,0.0,0.0,6.044
Marvin Sordell,Burnley,32,Forward,14,281,0.0,0.07142857142857142,0.2857142857142857,0.0,0.21428571428571427,0.0,0.07142857142857142,6.041428571428573
Tom Lawrence,Leicester,29,Forward,3,51,0.3333333333333333,0.3333333333333333,0.3333333333333333,0.0,0.0,0.0,0.0,6.033333333333334
Jerome Thomas,Crystal Palace,40,Midfielder,1,6,0.0,0.0,0.0,0.0,0.0,0.0,0.0,6.03
Nick Powell,Leicester,29,Midfielder,3,40,0.0,0.0,0.0,0.0,0.3333333333333333,0.3333333333333333,0.0,6.03
Sebastián Blanco,WBA,35,Forward,3,36,0.0,0.3333333333333333,0.3333333333333333,0.0,0.0,0.6666666666666666,0.0,6.023333333333333
Kenji Gorré,Swansea,28,Forward,1,6,0.0,0.0,0.0,0.0,0.0,0.0,0.0,6.01
Darren Bent,Aston Villa,39,Forward,7,78,0.0,0.0,0.0,0.14285714285714285,0.14285714285714285,0.14285714285714285,0.0,6.0042857142857144
Reece Grego-Cox,QPR,26,Forward,4,142,0.0,0.0,0.5,0.0,0.0,0.25,0.0,6.000000000000001
Ainsley Maitland-Niles,Arsenal,26,Midfielder,1,1,0.0,0.0,0.0,0.0,0.0,0.0,0.0,6.0
Oliver Shenton,Stoke,25,Midfielder,1,1,0.0,0.0,0.0,0.0,0.0,0.0,0.0,6.0
Ryan Seager,Southampton,27,Forward,1,1,0.0,0.0,0.0,0.0,0.0,0.0,0.0,6.0
Scott Sinclair,Man City,34,Midfielder,2,3,0.0,0.0,0.0,0.0,0.0,0.0,0.0,6.0
Tom Thorpe,Man Utd,30,Defender,1,1,0.0,0.0,0.0,0.0,0.0,0.0,0.0,6.0
George Boyd,Hull,37,Midfielder,1,9,0.0,0.0,0.0,0.0,0.0,0.0,0.0,5.98
Ezekiel Fryers,Crystal Palace,30,Defender,1,3,0.0,0.0,0.0,0.0,0.0,0.0,0.0,5.97
Rushian Hepburn-Murphy,Aston Villa,25,Forward,1,7,0.0,0.0,1.0,0.0,0.0,0.0,0.0,5.97
Mohamed Salah,Chelsea,31,Forward,3,30,0.0,0.0,0.3333333333333333,0.0,0.0,0.0,0.0,5.966666666666666
Jerome Sinclair,Liverpool,26,Forward,2,25,0.0,0.0,0.0,0.0,0.0,0.5,0.0,5.96
Ravel Morrison,West Ham,30,Midfielder,1,33,0.0,0.0,0.0,0.0,0.0,0.0,1.0,5.93
Nathaniel Chalobah,Burnley,28,Midfielder,4,66,0.0,0.5,1.0,0.0,0.25,0.25,0.0,5.8925
Brandon Comley,QPR,27,Midfielder,1,10,0.0,0.0,0.0,0.0,0.0,0.0,0.0,5.89
Valentin Roberge,Sunderland,36,Defender,1,90,4.0,1.0,2.0,0.0,4.0,0.0,0.0,5.87
Gary Taylor-Fletcher,Leicester,42,Midfielder,1,17,0.0,0.0,1.0,0.0,0.0,3.0,0.0,5.79
Lee Chung-Yong,Crystal Palace,35,Midfielder,3,91,0.6666666666666666,0.0,0.6666666666666666,0.0,0.3333333333333333,0.6666666666666666,0.0,5.743333333333333
Cole Kpekawa,QPR,27,Defender,1,5,0.0,1.0,0.0,0.0,2.0,0.0,0.0,5.24
