No,Player,Team,Apps,Min,G,NPG,A,xG,NPxG,xA,xGChain,xGBuildup,xG90,NPxG90,xA90,xG90+xA90,NPxG90+xA90,xGChain90,xGBuildup90
318,Pierre-Emerick Aubameyang,Arsenal,36,2740,22,18,5,23.55,19.74,4.99,26.58,6.48,0.77,0.65,0.16,0.94,0.81,0.87,0.21
838,Sadio Mané,Liverpool,36,3100,22,22,1,16.76,16.76,5.12,28.40,8.49,0.49,0.49,0.15,0.64,0.64,0.82,0.25
1250,Mohamed Salah,Liverpool,38,3274,22,19,8,21.79,19.51,10.47,31.78,7.87,0.60,0.54,0.29,0.89,0.82,0.87,0.22
619,Sergio Agüero,Manchester City,33,2515,21,19,8,19.95,18.43,5.23,28.70,8.10,0.71,0.66,0.19,0.90,0.85,1.03,0.29
755,Jamie Vardy,Leicester,34,2740,18,14,4,19.12,15.31,5.14,20.78,1.91,0.63,0.50,0.17,0.80,0.67,0.68,0.06
618,Raheem Sterling,Manchester City,34,2788,17,17,10,15.91,15.91,10.79,33.02,12.63,0.51,0.51,0.35,0.86,0.86,1.07,0.41
647,Harry Kane,Tottenham,28,2437,17,13,4,16.12,13.08,4.56,18.84,4.84,0.60,0.48,0.17,0.76,0.65,0.70,0.18
701,Eden Hazard,Chelsea,37,2935,16,12,15,12.30,9.25,11.57,25.33,11.55,0.38,0.28,0.35,0.73,0.64,0.78,0.35
468,Callum Wilson,Bournemouth,30,2548,14,13,9,16.02,14.49,5.96,21.33,5.06,0.57,0.51,0.21,0.78,0.72,0.75,0.18
714,Gylfi Sigurdsson,Everton,38,3150,13,11,6,12.12,8.31,6.79,15.67,5.15,0.35,0.24,0.19,0.54,0.43,0.45,0.15
882,Glenn Murray,Brighton,38,2517,13,9,1,11.54,8.50,1.12,8.43,1.40,0.41,0.30,0.04,0.45,0.34,0.30,0.05
1740,Paul Pogba,Manchester United,35,3013,13,6,9,15.88,8.27,5.19,21.13,11.59,0.47,0.25,0.15,0.63,0.40,0.63,0.35
3277,Alexandre Lacazette,Arsenal,35,2498,13,13,8,12.03,12.03,4.10,22.08,8.81,0.43,0.43,0.15,0.58,0.58,0.80,0.32
4105,Raúl Jiménez,Wolverhampton Wanderers,38,3143,13,11,7,14.27,12.75,6.99,20.92,4.34,0.41,0.37,0.20,0.61,0.57,0.60,0.12
6026,Richarlison,Everton,35,2702,13,13,1,11.33,11.33,1.96,13.40,5.10,0.38,0.38,0.07,0.44,0.44,0.45,0.17
453,Son Heung-Min,Tottenham,31,2061,12,12,6,8.36,8.36,3.97,16.20,6.03,0.37,0.37,0.17,0.54,0.54,0.71,0.26
465,Joshua King,Bournemouth,35,2987,12,7,3,13.55,8.98,4.26,19.07,8.41,0.41,0.27,0.13,0.54,0.40,0.57,0.25
482,Roberto Firmino,Liverpool,34,2631,12,11,6,13.74,12.98,6.34,24.35,9.15,0.47,0.44,0.22,0.69,0.66,0.83,0.31
594,Romelu Lukaku,Manchester United,32,2113,12,12,0,13.11,13.11,2.32,15.43,5.43,0.56,0.56,0.10,0.66,0.66,0.66,0.23
770,Ayoze Pérez,Newcastle United,37,2950,12,12,2,8.29,8.29,4.03,15.61,5.63,0.25,0.25,0.12,0.38,0.38,0.48,0.17
4422,Ashley Barnes,Burnley,37,2379,12,10,2,13.26,11.74,3.64,14.35,2.10,0.50,0.44,0.14,0.64,0.58,0.54,0.08
5549,Luka Milivojevic,Crystal Palace,38,3420,12,2,2,10.49,2.12,3.39,9.53,8.30,0.28,0.06,0.09,0.37,0.14,0.25,0.22
773,Aleksandar Mitrovic,Fulham,37,3285,11,10,3,15.45,14.69,2.97,18.90,5.37,0.42,0.40,0.08,0.50,0.48,0.52,0.15
813,Salomón Rondón,Newcastle United,32,2616,11,11,7,10.64,10.64,3.41,15.46,4.22,0.37,0.37,0.12,0.48,0.48,0.53,0.15
337,Leroy Sané,Manchester City,31,1866,10,10,10,6.98,6.98,8.10,21.35,10.56,0.34,0.34,0.39,0.73,0.73,1.03,0.51
522,Wilfried Zaha,Crystal Palace,34,3046,10,10,5,6.49,6.49,5.40,16.56,7.04,0.19,0.19,0.16,0.35,0.35,0.49,0.21
553,Anthony Martial,Manchester United,27,1632,10,9,2,7.95,7.19,3.25,11.80,3.60,0.44,0.40,0.18,0.62,0.58,0.65,0.20
556,Marcus Rashford,Manchester United,33,2360,10,10,6,11.61,11.61,5.27,16.82,5.24,0.44,0.44,0.20,0.64,0.64,0.64,0.20
591,Gerard Deulofeu,Watford,30,2110,10,10,5,8.33,8.33,4.96,15.97,5.43,0.36,0.36,0.21,0.57,0.57,0.68,0.23
865,Marko Arnautovic,West Ham,28,2006,10,9,4,8.94,8.18,4.00,12.38,2.85,0.40,0.37,0.18,0.58,0.55,0.56,0.13
3293,Lucas Moura,Tottenham,32,2133,10,10,0,7.59,7.59,1.66,13.82,6.85,0.32,0.32,0.07,0.39,0.39,0.58,0.29
4456,Chris Wood,Burnley,38,2603,10,10,2,9.13,9.13,3.65,11.36,3.55,0.32,0.32,0.13,0.44,0.44,0.39,0.12
574,Troy Deeney,Watford,32,2552,9,8,5,10.23,9.47,4.69,13.36,2.95,0.36,0.33,0.17,0.53,0.50,0.47,0.10
1208,Felipe Anderson,West Ham,36,3073,9,9,4,5.53,5.53,6.78,14.42,5.72,0.16,0.16,0.20,0.36,0.36,0.42,0.17
6854,Diogo Jota,Wolverhampton Wanderers,33,2402,9,9,5,8.91,8.91,5.54,16.15,4.58,0.33,0.33,0.21,0.54,0.54,0.61,0.17
646,Christian Eriksen,Tottenham,35,2772,8,8,12,5.66,5.66,7.88,16.65,9.10,0.18,0.18,0.26,0.44,0.44,0.54,0.30
687,Pedro,Chelsea,31,1777,8,8,2,5.98,5.98,3.88,15.40,8.18,0.30,0.30,0.20,0.50,0.50,0.78,0.41
191,Chicharito,West Ham,25,1336,7,7,1,7.89,7.89,1.26,7.68,0.75,0.53,0.53,0.08,0.62,0.62,0.52,0.05
750,Riyad Mahrez,Manchester City,27,1333,7,7,4,6.62,5.86,5.01,14.37,6.83,0.45,0.40,0.34,0.78,0.73,0.97,0.46
843,James Ward-Prowse,Southampton,26,1940,7,6,0,3.40,2.64,3.28,6.87,4.13,0.16,0.12,0.15,0.31,0.27,0.32,0.19
986,Danny Ings,Southampton,24,1694,7,4,3,9.92,7.63,3.35,10.71,2.75,0.53,0.41,0.18,0.70,0.58,0.57,0.15
1660,Andre Gray,Watford,29,1343,7,7,2,5.85,5.85,2.10,7.48,0.75,0.39,0.39,0.14,0.53,0.53,0.50,0.05
1683,Ryan Fraser,Bournemouth,38,3185,7,7,14,4.76,4.76,16.18,19.63,7.56,0.13,0.13,0.46,0.59,0.59,0.55,0.21
3635,Bernardo Silva,Manchester City,36,2851,7,7,7,8.20,8.20,8.63,29.93,16.89,0.26,0.26,0.27,0.53,0.53,0.94,0.53
5543,Gabriel Jesus,Manchester City,29,993,7,6,3,12.62,11.86,2.65,16.59,4.99,1.14,1.07,0.24,1.38,1.32,1.50,0.45
6818,James Maddison,Leicester,36,2877,7,6,7,7.37,5.85,7.94,15.30,6.97,0.23,0.18,0.25,0.48,0.43,0.48,0.22
6820,David Brooks,Bournemouth,30,2317,7,7,5,6.47,6.47,5.88,16.89,6.75,0.25,0.25,0.23,0.48,0.48,0.66,0.26
154,André Schürrle,Fulham,24,1670,6,6,0,3.32,3.32,1.93,5.96,1.68,0.18,0.18,0.10,0.28,0.28,0.32,0.09
314,Ilkay Gündogan,Manchester City,31,2133,6,6,3,4.21,4.21,4.97,19.07,15.75,0.18,0.18,0.21,0.39,0.39,0.80,0.66
317,Henrikh Mkhitaryan,Arsenal,25,1647,6,6,4,5.34,5.34,6.49,16.10,8.28,0.29,0.29,0.35,0.65,0.65,0.88,0.45
531,Michail Antonio,West Ham,33,2084,6,6,4,6.07,6.07,4.03,11.18,3.39,0.26,0.26,0.17,0.44,0.44,0.48,0.15
617,David Silva,Manchester City,33,2426,6,6,8,8.13,8.13,10.11,30.81,18.85,0.30,0.30,0.38,0.68,0.68,1.14,0.70
688,Ruben Loftus-Cheek,Chelsea,24,969,6,6,2,3.24,3.24,1.01,8.28,5.79,0.30,0.30,0.09,0.39,0.39,0.77,0.54
775,Andros Townsend,Crystal Palace,38,3030,6,6,4,4.88,4.88,3.70,11.94,4.85,0.14,0.14,0.11,0.25,0.25,0.35,0.14
790,Nathan Redmond,Southampton,38,3283,6,6,4,7.91,7.91,5.31,16.49,5.91,0.22,0.22,0.15,0.36,0.36,0.45,0.16
888,Xherdan Shaqiri,Liverpool,24,1048,6,6,3,4.06,4.06,1.89,7.92,3.42,0.35,0.35,0.16,0.51,0.51,0.68,0.29
1723,Roberto Pereyra,Watford,33,2837,6,6,1,5.38,5.38,3.54,12.57,6.26,0.17,0.17,0.11,0.28,0.28,0.40,0.20
5555,Dominic Calvert-Lewin,Everton,35,1763,6,6,2,6.17,6.17,1.64,8.37,1.37,0.32,0.32,0.08,0.40,0.40,0.43,0.07
489,James Milner,Liverpool,31,1775,5,2,4,3.36,1.07,5.64,12.49,9.81,0.17,0.05,0.29,0.46,0.34,0.63,0.50
499,Mesut Özil,Arsenal,24,1751,5,5,2,2.23,2.23,4.29,11.98,8.06,0.11,0.11,0.22,0.33,0.33,0.62,0.41
503,Theo Walcott,Everton,37,2127,5,5,2,6.51,6.51,2.88,10.27,2.55,0.28,0.28,0.12,0.40,0.40,0.43,0.11
533,Mark Noble,West Ham,31,2339,5,1,5,3.59,0.55,1.72,7.52,5.90,0.14,0.02,0.07,0.20,0.09,0.29,0.23
645,Dele Alli,Tottenham,25,1847,5,5,3,5.95,5.95,3.29,12.96,5.54,0.29,0.29,0.16,0.45,0.45,0.63,0.27
839,Shane Long,Southampton,26,1262,5,5,1,5.44,5.44,1.60,6.83,1.35,0.39,0.39,0.11,0.50,0.50,0.49,0.10
1293,Gonzalo Higuaín,Chelsea,14,1100,5,5,0,5.38,5.38,1.43,8.48,1.86,0.44,0.44,0.12,0.56,0.56,0.69,0.15
1678,Michy Batshuayi,Crystal Palace,11,766,5,5,0,3.70,3.70,0.10,5.17,1.55,0.43,0.43,0.01,0.45,0.45,0.61,0.18
1726,Abdoulaye Doucouré,Watford,35,3062,5,5,6,6.85,6.85,5.39,16.31,6.47,0.20,0.20,0.16,0.36,0.36,0.48,0.19
1804,Álvaro Morata,Chelsea,16,951,5,5,0,6.41,6.41,0.21,7.64,1.70,0.61,0.61,0.02,0.63,0.63,0.72,0.16
2390,Víctor Camarasa,Cardiff,32,2606,5,4,4,3.91,3.15,3.63,7.98,4.11,0.13,0.11,0.13,0.26,0.23,0.28,0.14
5176,Ryan Babel,Fulham,16,1276,5,5,3,5.75,5.75,2.55,10.40,4.04,0.41,0.41,0.18,0.59,0.59,0.73,0.28
6047,Shane Duffy,Brighton,35,3087,5,5,1,3.38,3.38,0.27,3.07,2.71,0.10,0.10,0.01,0.11,0.11,0.09,0.08
6827,Bobby Reid,Cardiff,27,1414,5,4,2,3.80,3.04,1.06,4.87,2.01,0.24,0.19,0.07,0.31,0.26,0.31,0.13
76,Fabian Schär,Newcastle United,24,2007,4,4,1,2.17,2.17,0.74,5.65,4.66,0.10,0.10,0.03,0.13,0.13,0.25,0.21
204,Granit Xhaka,Arsenal,29,2511,4,4,2,1.88,1.88,3.52,15.24,12.58,0.07,0.07,0.13,0.19,0.19,0.55,0.45
343,Pierre-Emile Højbjerg,Southampton,31,2770,4,4,3,2.26,2.26,2.35,10.26,7.34,0.07,0.07,0.08,0.15,0.15,0.33,0.24
504,Aaron Ramsey,Arsenal,28,1326,4,4,6,3.71,3.71,2.30,8.95,3.68,0.25,0.25,0.16,0.41,0.41,0.61,0.25
558,Jesse Lingard,Manchester United,27,1677,4,3,2,4.84,4.08,3.16,10.80,5.21,0.26,0.22,0.17,0.43,0.39,0.58,0.28
579,Nathan Aké,Bournemouth,38,3414,4,4,0,4.55,4.55,1.32,8.87,7.67,0.12,0.12,0.03,0.15,0.15,0.23,0.20
644,Erik Lamela,Tottenham,19,969,4,4,2,3.76,3.76,2.17,8.19,3.97,0.35,0.35,0.20,0.55,0.55,0.76,0.37
751,N'Golo Kanté,Chelsea,36,3103,4,4,4,3.03,3.03,3.73,17.04,12.48,0.09,0.09,0.11,0.20,0.20,0.49,0.36
757,Jeffrey Schlupp,Crystal Palace,30,1650,4,4,1,3.30,3.30,1.41,7.35,3.32,0.18,0.18,0.08,0.26,0.26,0.40,0.18
762,Demarai Gray,Leicester,34,2009,4,4,1,4.56,4.56,0.98,9.42,4.20,0.20,0.20,0.04,0.25,0.25,0.42,0.19
833,Virgil van Dijk,Liverpool,38,3388,4,4,2,3.51,3.51,1.27,17.47,16.66,0.09,0.09,0.03,0.13,0.13,0.46,0.44
1823,Lucas Digne,Everton,35,2968,4,4,4,1.20,1.20,7.71,9.52,5.53,0.04,0.04,0.23,0.27,0.27,0.29,0.17
4027,Sol Bamba,Cardiff,28,2476,4,4,1,4.12,4.12,0.14,2.97,1.67,0.15,0.15,0.01,0.16,0.16,0.11,0.06
6824,Nathaniel Mendez-Laing,Cardiff,20,980,4,3,1,2.16,1.40,1.30,2.94,0.43,0.20,0.13,0.12,0.32,0.25,0.27,0.04
6826,Callum Paterson,Cardiff,27,1987,4,4,1,4.95,4.95,2.87,5.48,1.32,0.22,0.22,0.13,0.35,0.35,0.25,0.06
6850,Willy Boly,Wolverhampton Wanderers,36,3168,4,4,0,3.63,3.63,1.57,7.49,5.97,0.10,0.10,0.04,0.15,0.15,0.21,0.17
6852,Matt Doherty,Wolverhampton Wanderers,38,3145,4,4,5,5.28,5.28,5.04,13.51,8.00,0.15,0.15,0.14,0.30,0.30,0.39,0.23
6853,Rúben Neves,Wolverhampton Wanderers,35,3014,4,2,3,3.39,1.87,1.88,10.35,8.18,0.10,0.06,0.06,0.16,0.11,0.31,0.24
7390,Karlan Grant,Huddersfield,13,868,4,4,0,3.28,3.28,0.27,3.67,0.28,0.34,0.34,0.03,0.37,0.37,0.38,0.03
239,Pascal Groß,Brighton,25,1896,3,2,3,4.14,2.62,5.61,6.61,2.36,0.20,0.12,0.27,0.46,0.39,0.31,0.11
484,Divock Origi,Liverpool,12,357,3,3,1,2.24,2.24,0.19,1.41,0.70,0.57,0.57,0.05,0.61,0.61,0.36,0.18
494,Laurent Koscielny,Arsenal,17,1326,3,3,0,2.11,2.11,0.12,3.89,3.85,0.14,0.14,0.01,0.15,0.15,0.26,0.26
500,Alex Iwobi,Arsenal,35,1974,3,3,6,3.72,3.72,7.64,18.21,9.56,0.17,0.17,0.35,0.52,0.52,0.83,0.44
554,Juan Mata,Manchester United,22,1306,3,3,2,1.58,1.58,3.70,5.14,2.20,0.11,0.11,0.26,0.36,0.36,0.35,0.15
568,José Holebas,Watford,28,2395,3,3,6,0.94,0.94,4.58,7.11,5.28,0.04,0.04,0.17,0.21,0.21,0.27,0.20
581,Craig Cathcart,Watford,36,3104,3,3,0,1.85,1.85,0.11,4.14,4.14,0.05,0.05,0.00,0.06,0.06,0.12,0.12
592,Ross Barkley,Chelsea,27,1228,3,3,5,3.65,3.65,2.52,10.36,5.42,0.27,0.27,0.18,0.45,0.45,0.76,0.40
633,James McArthur,Crystal Palace,38,3095,3,3,6,4.51,4.51,3.72,11.98,6.77,0.13,0.13,0.11,0.24,0.24,0.35,0.20
643,Eric Dier,Tottenham,20,1519,3,3,0,1.42,1.42,1.10,5.31,4.85,0.08,0.08,0.07,0.15,0.15,0.31,0.29
700,Willian,Chelsea,32,2123,3,3,6,4.35,4.35,6.52,12.74,6.44,0.18,0.18,0.28,0.46,0.46,0.54,0.27
730,Patrick van Aanholt,Crystal Palace,36,3202,3,3,2,2.81,2.81,4.72,10.49,5.86,0.08,0.08,0.13,0.21,0.21,0.29,0.16
748,Wes Morgan,Leicester,22,1932,3,3,0,1.54,1.54,0.14,2.38,2.28,0.07,0.07,0.01,0.08,0.08,0.11,0.11
771,Georginio Wijnaldum,Liverpool,35,2749,3,3,0,3.18,3.18,1.94,14.71,10.55,0.10,0.10,0.06,0.17,0.17,0.48,0.35
875,Ciaran Clark,Newcastle United,11,850,3,3,0,0.47,0.47,0.05,1.97,1.64,0.05,0.05,0.01,0.05,0.05,0.21,0.17
1661,Sam Vokes,Burnley,20,918,3,3,0,2.73,2.73,0.90,1.62,0.30,0.27,0.27,0.09,0.36,0.36,0.16,0.03
1663,Johann Berg Gudmundsson,Burnley,29,1732,3,3,6,2.61,2.61,3.59,7.22,3.09,0.14,0.14,0.19,0.32,0.32,0.38,0.16
1665,James Tarkowski,Burnley,35,3086,3,3,1,3.64,3.64,0.20,3.37,3.23,0.11,0.11,0.01,0.11,0.11,0.10,0.09
1676,David Luiz,Chelsea,36,3240,3,3,2,2.90,2.90,2.86,13.11,11.98,0.08,0.08,0.08,0.16,0.16,0.36,0.33
1687,Harry Maguire,Leicester,31,2599,3,3,0,1.86,1.86,0.67,6.04,5.48,0.06,0.06,0.02,0.09,0.09,0.21,0.19
1700,Lucas Pérez,West Ham,15,462,3,3,0,1.39,1.39,0.88,3.15,1.13,0.27,0.27,0.17,0.44,0.44,0.61,0.22
1746,Jeff Hendrick,Burnley,32,2089,3,3,0,1.79,1.79,1.07,3.25,1.37,0.08,0.08,0.05,0.12,0.12,0.14,0.06
2498,Aymeric Laporte,Manchester City,35,3059,3,3,3,3.75,3.75,0.84,22.07,21.06,0.11,0.11,0.02,0.14,0.14,0.65,0.62
3683,Ivan Cavaleiro,Wolverhampton Wanderers,23,670,3,3,1,2.37,2.37,1.58,4.37,0.90,0.32,0.32,0.21,0.53,0.53,0.59,0.12
4068,Florin Andone,Brighton,23,861,3,3,0,3.49,3.49,0.10,2.46,0.63,0.36,0.36,0.01,0.37,0.37,0.26,0.07
4395,Junior Hoilett,Cardiff,32,2144,3,3,1,3.17,3.17,1.34,5.07,1.25,0.13,0.13,0.06,0.19,0.19,0.21,0.05
4866,Aboubakar Kamara,Fulham,13,678,3,2,0,3.53,2.01,0.77,4.65,1.96,0.47,0.27,0.10,0.57,0.37,0.62,0.26
5956,Youri Tielemans,Leicester,13,1098,3,3,4,2.06,2.06,2.50,8.31,5.26,0.17,0.17,0.21,0.37,0.37,0.68,0.43
6030,Zanka,Huddersfield,24,2151,3,3,1,1.48,1.48,0.39,2.34,1.47,0.06,0.06,0.02,0.08,0.08,0.10,0.06
6033,Aaron Mooy,Huddersfield,29,2326,3,2,1,2.42,1.66,2.75,5.22,3.48,0.09,0.06,0.11,0.20,0.17,0.20,0.13
6477,Cenk Tosun,Everton,25,1036,3,3,3,4.99,4.99,0.96,5.44,0.85,0.43,0.43,0.08,0.52,0.52,0.47,0.07
6756,Dwight McNeil,Burnley,21,1610,3,3,5,1.83,1.83,3.46,4.03,1.98,0.10,0.10,0.19,0.30,0.30,0.23,0.11
6828,Josh Murphy,Cardiff,29,1844,3,3,2,3.74,3.74,3.52,5.72,0.77,0.18,0.18,0.17,0.35,0.35,0.28,0.04
6893,Stuart Armstrong,Southampton,29,1424,3,3,2,2.12,2.12,1.65,6.38,3.60,0.13,0.13,0.10,0.24,0.24,0.40,0.23
447,Kevin De Bruyne,Manchester City,19,965,2,2,2,1.47,1.47,6.65,12.20,8.48,0.14,0.14,0.62,0.76,0.76,1.14,0.79
461,Matt Ritchie,Newcastle United,36,2965,2,1,8,4.44,2.92,5.11,10.18,4.69,0.13,0.09,0.16,0.29,0.24,0.31,0.14
462,Dan Gosling,Bournemouth,25,1729,2,2,1,2.39,2.39,0.96,9.24,7.03,0.12,0.12,0.05,0.17,0.17,0.48,0.37
463,Junior Stanislas,Bournemouth,23,1016,2,1,3,3.10,2.34,2.49,5.24,2.55,0.27,0.21,0.22,0.50,0.43,0.46,0.23
483,Daniel Sturridge,Liverpool,18,484,2,2,1,1.50,1.50,1.07,4.20,2.54,0.28,0.28,0.20,0.48,0.48,0.78,0.47
502,Olivier Giroud,Chelsea,27,808,2,2,4,5.06,5.06,2.29,7.71,2.78,0.56,0.56,0.26,0.82,0.82,0.86,0.31
508,Calum Chambers,Fulham,31,2588,2,2,0,2.44,2.44,0.96,7.28,6.19,0.08,0.08,0.03,0.12,0.12,0.25,0.22
552,Ander Herrera,Manchester United,22,1404,2,2,3,1.51,1.51,2.06,10.24,8.35,0.10,0.10,0.13,0.23,0.23,0.66,0.54
585,Seamus Coleman,Everton,29,2564,2,2,2,1.36,1.36,3.80,9.91,7.69,0.05,0.05,0.13,0.18,0.18,0.35,0.27
631,Ashley Young,Manchester United,30,2565,2,2,2,0.49,0.49,4.00,10.54,8.20,0.02,0.02,0.14,0.16,0.16,0.37,0.29
669,Ashley Westwood,Burnley,34,2817,2,2,7,1.71,1.71,5.23,8.08,3.61,0.05,0.05,0.17,0.22,0.22,0.26,0.12
753,Marc Albrighton,Leicester,27,1625,2,2,2,1.06,1.06,2.99,5.24,2.29,0.06,0.06,0.17,0.22,0.22,0.29,0.13
815,Alex Pritchard,Huddersfield,30,2114,2,2,0,2.62,2.62,2.08,5.12,1.52,0.11,0.11,0.09,0.20,0.20,0.22,0.06
848,Charlie Austin,Southampton,25,983,2,2,2,3.80,3.03,1.01,3.36,0.42,0.35,0.28,0.09,0.44,0.37,0.31,0.04
866,Joselu,Newcastle United,16,565,2,2,0,1.81,1.81,0.01,2.33,0.75,0.29,0.29,0.00,0.29,0.29,0.37,0.12
935,Kurt Zouma,Everton,32,2613,2,2,2,1.27,1.27,0.44,6.06,5.64,0.04,0.04,0.02,0.06,0.06,0.21,0.19
1227,Lucas Torreira,Arsenal,34,2366,2,2,2,1.80,1.80,1.71,11.16,9.02,0.07,0.07,0.07,0.13,0.13,0.42,0.34
1389,Jorginho,Chelsea,37,3179,2,1,0,1.30,0.54,3.07,16.37,15.06,0.04,0.02,0.09,0.12,0.10,0.46,0.43
1621,Marcos Alonso,Chelsea,31,2764,2,2,4,3.56,3.56,3.92,13.04,9.48,0.12,0.12,0.13,0.24,0.24,0.42,0.31
1691,Robert Snodgrass,West Ham,33,2230,2,2,5,2.26,2.26,5.18,9.51,5.75,0.09,0.09,0.21,0.30,0.30,0.38,0.23
1699,Shkodran Mustafi,Arsenal,31,2629,2,2,0,1.86,1.86,0.28,6.72,6.62,0.06,0.06,0.01,0.07,0.07,0.23,0.23
2182,Jefferson Lerma,Bournemouth,30,2527,2,2,0,1.09,1.09,1.01,7.81,6.83,0.04,0.04,0.04,0.07,0.07,0.28,0.24
3303,Ricardo Pereira,Leicester,35,3129,2,2,6,1.18,1.18,5.13,11.35,8.28,0.03,0.03,0.15,0.18,0.18,0.33,0.24
3491,Romain Saiss,Wolverhampton Wanderers,19,1133,2,2,0,1.29,1.29,0.73,3.86,2.93,0.10,0.10,0.06,0.16,0.16,0.31,0.23
3800,Steve Mounie,Huddersfield,31,1775,2,2,3,5.63,5.63,1.87,6.19,0.66,0.29,0.29,0.09,0.38,0.38,0.31,0.03
4497,Anthony Knockaert,Brighton,30,1823,2,2,6,2.11,2.11,4.21,5.28,2.77,0.10,0.10,0.21,0.31,0.31,0.26,0.14
5247,Naby Keita,Liverpool,25,1407,2,2,1,2.55,2.55,1.07,12.78,9.90,0.16,0.16,0.07,0.23,0.23,0.82,0.63
5545,Wilfred Ndidi,Leicester,38,3305,2,2,0,3.12,3.12,1.69,10.33,7.80,0.08,0.08,0.05,0.13,0.13,0.28,0.21
5553,Declan Rice,West Ham,34,3009,2,2,0,1.23,1.23,0.64,8.09,7.64,0.04,0.04,0.02,0.06,0.06,0.24,0.23
5560,Scott McTominay,Manchester United,16,852,2,2,0,1.59,1.59,0.02,3.51,2.39,0.17,0.17,0.00,0.17,0.17,0.37,0.25
6034,Philip Billing,Huddersfield,27,2199,2,2,0,1.66,1.66,1.82,5.94,3.70,0.07,0.07,0.07,0.14,0.14,0.24,0.15
6048,Lewis Dunk,Brighton,36,3154,2,2,1,1.76,1.76,0.75,3.74,3.52,0.05,0.05,0.02,0.07,0.07,0.11,0.10
6104,Will Hughes,Watford,32,2454,2,2,4,2.97,2.97,3.66,8.06,4.08,0.11,0.11,0.13,0.24,0.24,0.30,0.15
6274,Andriy Yarmolenko,West Ham,9,454,2,2,0,1.25,1.25,0.70,2.49,0.75,0.25,0.25,0.14,0.39,0.39,0.49,0.15
6542,Jürgen Locadia,Brighton,26,1229,2,2,0,3.39,3.39,0.96,4.71,1.80,0.25,0.25,0.07,0.32,0.32,0.34,0.13
6837,Ryan Sessegnon,Fulham,35,2300,2,2,6,4.27,4.27,3.99,10.16,3.87,0.17,0.17,0.16,0.32,0.32,0.40,0.15
7236,Leander Dendoncker,Wolverhampton Wanderers,19,1474,2,2,0,4.17,4.17,1.29,6.67,3.16,0.25,0.25,0.08,0.33,0.33,0.41,0.19
7280,Yan Valery,Southampton,23,1714,2,2,1,0.72,0.72,0.25,2.90,1.94,0.04,0.04,0.01,0.05,0.05,0.15,0.10
47,Yoshinori Muto,Newcastle United,17,512,1,1,0,1.02,1.02,0.31,1.30,0.73,0.18,0.18,0.06,0.23,0.23,0.23,0.13
332,Joel Matip,Liverpool,22,1535,1,1,0,0.90,0.90,0.18,6.37,6.37,0.05,0.05,0.01,0.06,0.06,0.37,0.37
338,Max Meyer,Crystal Palace,29,1403,1,1,2,1.98,1.98,1.07,5.76,3.50,0.13,0.13,0.07,0.20,0.20,0.37,0.22
371,Sokratis,Arsenal,25,2198,1,1,2,0.83,0.83,0.63,6.14,6.02,0.03,0.03,0.03,0.06,0.06,0.25,0.25
394,Leon Balogun,Brighton,8,589,1,1,0,0.08,0.08,0.00,0.73,0.73,0.01,0.01,0.00,0.01,0.01,0.11,0.11
458,Steve Cook,Bournemouth,31,2788,1,1,1,1.46,1.46,1.15,6.20,5.42,0.05,0.05,0.04,0.08,0.08,0.20,0.17
459,Charlie Daniels,Bournemouth,21,1587,1,1,0,0.62,0.62,0.46,5.92,5.41,0.04,0.04,0.03,0.06,0.06,0.34,0.31
481,Jordon Ibe,Bournemouth,19,799,1,1,1,0.78,0.78,0.42,1.87,1.11,0.09,0.09,0.05,0.13,0.13,0.21,0.13
495,Nacho Monreal,Arsenal,22,1857,1,1,3,1.23,1.23,2.01,8.73,6.27,0.06,0.06,0.10,0.16,0.16,0.42,0.30
498,Alexis Sánchez,Manchester United,20,875,1,1,3,1.71,1.71,3.55,6.50,2.99,0.18,0.18,0.36,0.54,0.54,0.67,0.31
501,Danny Welbeck,Arsenal,8,137,1,1,1,0.79,0.79,0.28,1.71,0.70,0.52,0.52,0.19,0.71,0.71,1.13,0.46
510,Joel Ward,Crystal Palace,7,550,1,1,0,0.92,0.92,0.12,1.67,0.98,0.15,0.15,0.02,0.17,0.17,0.27,0.16
528,Angelo Ogbonna,West Ham,24,1870,1,1,1,1.02,1.02,1.16,1.10,0.90,0.05,0.05,0.06,0.10,0.10,0.05,0.04
530,James Tomkins,Crystal Palace,29,2566,1,1,1,0.90,0.90,1.37,3.18,3.10,0.03,0.03,0.05,0.08,0.08,0.11,0.11
535,Manuel Lanzini,West Ham,10,693,1,1,1,1.18,1.18,0.96,3.12,2.16,0.15,0.15,0.12,0.28,0.28,0.40,0.28
572,Etienne Capoue,Watford,33,2951,1,1,3,1.30,1.30,1.37,8.08,7.02,0.04,0.04,0.04,0.08,0.08,0.25,0.21
587,Phil Jagielka,Everton,7,323,1,1,0,0.63,0.63,0.10,0.90,0.20,0.17,0.17,0.03,0.20,0.20,0.25,0.06
593,Aaron Lennon,Burnley,16,1223,1,1,1,0.92,0.92,0.66,1.94,0.60,0.07,0.07,0.05,0.12,0.12,0.14,0.04
596,Tom Cleverley,Watford,13,453,1,1,0,0.17,0.17,0.11,0.91,0.72,0.03,0.03,0.02,0.06,0.06,0.18,0.14
602,Dejan Lovren,Liverpool,13,988,1,1,0,0.91,0.91,0.11,3.44,3.32,0.08,0.08,0.01,0.09,0.09,0.31,0.30
605,Jordan Henderson,Liverpool,32,1979,1,1,3,1.51,1.51,1.69,14.52,11.58,0.07,0.07,0.08,0.15,0.15,0.66,0.53
606,Christian Benteke,Crystal Palace,16,808,1,1,1,3.73,3.73,1.19,4.20,1.36,0.42,0.42,0.13,0.55,0.55,0.47,0.15
612,Vincent Kompany,Manchester City,17,1221,1,1,0,0.24,0.24,0.07,8.01,7.91,0.02,0.02,0.01,0.02,0.02,0.59,0.58
614,Fernandinho,Manchester City,29,2397,1,1,3,1.72,1.72,3.13,19.33,17.58,0.06,0.06,0.12,0.18,0.18,0.73,0.66
620,Kelechi Iheanacho,Leicester,30,911,1,1,3,2.58,2.58,1.34,5.29,1.99,0.25,0.25,0.13,0.39,0.39,0.52,0.20
628,Chris Smalling,Manchester United,24,2130,1,1,0,1.11,1.11,0.12,3.71,3.71,0.05,0.05,0.01,0.05,0.05,0.16,0.16
638,Kyle Walker,Manchester City,33,2774,1,1,1,0.73,0.73,1.94,18.52,17.59,0.02,0.02,0.06,0.09,0.09,0.60,0.57
640,Jan Vertonghen,Tottenham,22,1925,1,1,0,1.01,1.01,0.24,7.90,7.63,0.05,0.05,0.01,0.06,0.06,0.37,0.36
652,Kieran Trippier,Tottenham,27,2278,1,1,3,0.46,0.46,4.85,10.57,8.71,0.02,0.02,0.19,0.21,0.21,0.42,0.34
672,Jordan Ayew,Crystal Palace,20,1200,1,1,2,2.65,2.65,1.20,3.87,1.12,0.20,0.20,0.09,0.29,0.29,0.29,0.08
681,César Azpilicueta,Chelsea,38,3405,1,1,5,1.26,1.26,2.42,14.25,11.97,0.03,0.03,0.06,0.10,0.10,0.38,0.32
689,Kenedy,Newcastle United,25,1347,1,1,1,2.41,1.65,0.82,4.69,2.72,0.16,0.11,0.05,0.22,0.16,0.31,0.18
697,Nemanja Matic,Manchester United,28,2450,1,1,0,1.71,1.71,0.56,11.79,11.24,0.06,0.06,0.02,0.08,0.08,0.43,0.41
712,Jack Cork,Burnley,37,3315,1,1,2,1.52,1.52,2.26,5.23,3.09,0.04,0.04,0.06,0.10,0.10,0.14,0.08
727,DeAndre Yedlin,Newcastle United,29,2476,1,1,2,1.19,1.19,2.15,6.89,4.48,0.04,0.04,0.08,0.12,0.12,0.25,0.16
769,Jonjo Shelvey,Newcastle United,16,932,1,1,1,0.72,0.72,1.86,3.27,2.00,0.07,0.07,0.18,0.25,0.25,0.32,0.19
787,Ryan Bennett,Wolverhampton Wanderers,34,3060,1,1,0,1.00,1.00,0.79,5.85,4.80,0.03,0.03,0.02,0.05,0.05,0.17,0.14
807,Jonny Evans,Leicester,24,1993,1,1,0,0.53,0.53,0.28,3.34,3.06,0.02,0.02,0.01,0.04,0.04,0.15,0.14
825,Adam Smith,Bournemouth,25,2080,1,1,1,0.60,0.60,0.58,8.29,7.59,0.03,0.03,0.02,0.05,0.05,0.36,0.33
835,Ryan Bertrand,Southampton,24,2160,1,1,0,1.26,1.26,1.72,7.21,5.17,0.05,0.05,0.07,0.12,0.12,0.30,0.22
836,Victor Wanyama,Tottenham,13,499,1,1,0,1.08,1.08,0.06,2.87,2.80,0.19,0.19,0.01,0.21,0.21,0.52,0.50
842,Oriol Romeu,Southampton,31,2155,1,1,0,0.96,0.96,1.71,7.16,5.43,0.04,0.04,0.07,0.11,0.11,0.30,0.23
847,Cédric Soares,Southampton,18,1494,1,1,2,0.27,0.27,1.14,2.91,2.28,0.02,0.02,0.07,0.09,0.09,0.18,0.14
884,Matt Targett,Southampton,16,1180,1,1,3,0.60,0.60,2.12,3.46,2.17,0.05,0.05,0.16,0.21,0.21,0.26,0.17
900,Adama Traoré,Wolverhampton Wanderers,29,879,1,1,1,1.26,1.26,2.20,5.70,2.44,0.13,0.13,0.23,0.35,0.35,0.58,0.25
922,Andreas Pereira,Manchester United,15,593,1,1,1,0.27,0.27,0.88,3.20,2.50,0.04,0.04,0.13,0.18,0.18,0.49,0.38
971,Harry Winks,Tottenham,26,1578,1,1,0,1.09,1.09,0.24,6.52,6.00,0.06,0.06,0.01,0.08,0.08,0.37,0.34
1006,Luke Shaw,Manchester United,29,2594,1,1,4,1.53,1.53,4.32,14.97,12.22,0.05,0.05,0.15,0.20,0.20,0.52,0.42
1017,Matej Vydra,Burnley,13,308,1,1,1,1.92,1.92,0.50,1.92,0.41,0.56,0.56,0.15,0.71,0.71,0.56,0.12
1299,Mario Lemina,Southampton,21,1617,1,1,1,0.90,0.90,1.32,4.55,3.37,0.05,0.05,0.07,0.12,0.12,0.25,0.19
1383,Manolo Gabbiadini,Southampton,12,459,1,1,0,1.76,1.76,0.24,1.70,0.65,0.34,0.34,0.05,0.39,0.39,0.33,0.13
1653,Michael Keane,Everton,33,2970,1,1,2,2.00,2.00,1.24,7.38,6.83,0.06,0.06,0.04,0.10,0.10,0.22,0.21
1707,Ben Gibson,Burnley,1,67,1,1,0,0.91,0.91,0.00,0.00,0.00,1.22,1.22,0.00,1.22,1.22,0.00,0.00
1724,Isaac Success,Watford,30,1015,1,1,1,3.29,3.29,3.01,6.46,2.01,0.29,0.29,0.27,0.56,0.56,0.57,0.18
1728,Fernando Llorente,Tottenham,20,674,1,1,4,3.50,3.50,2.01,4.55,0.34,0.47,0.47,0.27,0.74,0.74,0.61,0.05
1735,Jack Stephens,Southampton,24,1695,1,1,0,1.46,1.46,0.23,3.64,3.20,0.08,0.08,0.01,0.09,0.09,0.19,0.17
1748,Lys Mousset,Bournemouth,24,308,1,1,0,1.53,1.53,0.29,2.12,0.66,0.45,0.45,0.09,0.53,0.53,0.62,0.19
1750,Ainsley Maitland-Niles,Arsenal,16,976,1,1,1,1.02,1.02,1.06,4.29,2.37,0.09,0.09,0.10,0.19,0.19,0.40,0.22
1791,Trent Alexander-Arnold,Liverpool,29,2475,1,1,12,1.49,1.49,7.22,14.11,10.71,0.05,0.05,0.26,0.32,0.32,0.51,0.39
1822,Antonio Rüdiger,Chelsea,33,2875,1,1,0,2.66,2.66,0.90,8.75,7.82,0.08,0.08,0.03,0.11,0.11,0.27,0.24
2244,Danilo,Manchester City,11,806,1,1,0,0.42,0.42,0.13,8.11,7.76,0.05,0.05,0.01,0.06,0.06,0.91,0.87
2274,Luciano Vietto,Fulham,20,975,1,1,4,2.84,2.84,2.44,8.29,3.32,0.26,0.26,0.22,0.49,0.49,0.77,0.31
2280,Jonny,Wolverhampton Wanderers,33,2792,1,1,1,1.85,1.85,1.76,6.94,4.47,0.06,0.06,0.06,0.12,0.12,0.22,0.14
2344,Christian Atsu,Newcastle United,28,1464,1,1,0,2.15,2.15,1.76,5.76,2.52,0.13,0.13,0.11,0.24,0.24,0.35,0.15
2383,André Gomes,Everton,27,2001,1,1,1,1.39,1.39,0.66,6.85,5.69,0.06,0.06,0.03,0.09,0.09,0.31,0.26
2641,Jon Gorenc Stankovic,Huddersfield,11,728,1,1,0,1.46,1.46,0.12,1.22,0.46,0.18,0.18,0.01,0.19,0.19,0.15,0.06
3203,Issa Diop,West Ham,33,2970,1,1,0,1.26,1.26,0.18,4.40,4.14,0.04,0.04,0.01,0.04,0.04,0.13,0.13
3276,Rachid Ghezzal,Leicester,19,731,1,1,0,1.37,1.37,1.73,2.51,1.30,0.17,0.17,0.21,0.38,0.38,0.31,0.16
3312,Jean Michael Seri,Fulham,32,2274,1,1,2,0.82,0.82,4.04,9.21,8.06,0.03,0.03,0.16,0.19,0.19,0.36,0.32
3328,Floyd Ayité,Fulham,16,441,1,1,0,0.35,0.35,0.50,1.04,0.39,0.07,0.07,0.10,0.17,0.17,0.21,0.08
3420,Fabinho,Liverpool,28,2006,1,1,2,1.14,1.14,1.31,9.33,7.97,0.05,0.05,0.06,0.11,0.11,0.42,0.36
3422,João Moutinho,Wolverhampton Wanderers,38,3053,1,1,8,0.51,0.51,6.53,9.50,7.78,0.01,0.01,0.19,0.21,0.21,0.28,0.23
3428,Hélder Costa,Wolverhampton Wanderers,25,1345,1,1,2,2.66,2.66,2.01,5.64,1.74,0.18,0.18,0.13,0.31,0.31,0.38,0.12
5043,Kiko Femenía,Watford,29,2034,1,1,1,0.50,0.50,1.64,5.87,4.87,0.02,0.02,0.07,0.09,0.09,0.26,0.22
5573,Domingos Quina,Watford,8,328,1,1,0,0.20,0.20,0.09,2.34,2.18,0.05,0.05,0.03,0.08,0.08,0.64,0.60
5662,Isaac Mbenza,Huddersfield,22,956,1,1,1,0.90,0.90,0.98,2.19,0.63,0.08,0.08,0.09,0.18,0.18,0.21,0.06
6031,Christopher Schindler,Huddersfield,37,3266,1,1,0,1.04,1.04,0.40,3.20,2.52,0.03,0.03,0.01,0.04,0.04,0.09,0.07
6049,Solly March,Brighton,35,2480,1,1,5,2.20,2.20,5.21,7.27,2.91,0.08,0.08,0.19,0.27,0.27,0.26,0.11
6050,Davy Pröpper,Brighton,30,2554,1,1,1,0.95,0.95,1.22,5.61,4.95,0.03,0.03,0.04,0.08,0.08,0.20,0.17
6051,Dale Stephens,Brighton,30,2485,1,1,1,0.25,0.25,0.59,4.77,4.26,0.01,0.01,0.02,0.03,0.03,0.17,0.15
6055,Phil Foden,Manchester City,13,316,1,1,0,2.25,2.25,1.07,4.34,1.75,0.64,0.64,0.31,0.95,0.95,1.24,0.50
6062,Isaac Hayden,Newcastle United,25,1865,1,1,4,0.86,0.86,2.45,5.39,2.83,0.04,0.04,0.12,0.16,0.16,0.26,0.14
6067,Terence Kongolo,Huddersfield,32,2728,1,1,1,1.42,1.42,0.84,3.26,1.72,0.05,0.05,0.03,0.07,0.07,0.11,0.06
6080,Victor Lindelöf,Manchester United,30,2604,1,1,1,0.84,0.84,1.58,8.74,7.98,0.03,0.03,0.05,0.08,0.08,0.30,0.28
6249,Davinson Sánchez,Tottenham,23,1943,1,1,1,1.62,1.62,0.62,6.16,6.14,0.08,0.08,0.03,0.10,0.10,0.29,0.28
6306,Juan Foyth,Tottenham,12,889,1,1,0,0.70,0.70,0.79,3.58,3.26,0.07,0.07,0.08,0.15,0.15,0.36,0.33
6409,Beram Kayal,Brighton,18,937,1,1,1,0.29,0.29,1.18,1.93,1.19,0.03,0.03,0.11,0.14,0.14,0.19,0.11
6482,Eddie Nketiah,Arsenal,5,54,1,1,0,0.27,0.27,0.13,0.96,0.69,0.45,0.45,0.22,0.67,0.67,1.60,1.15
6504,Michael Obafemi,Southampton,6,131,1,1,1,1.89,1.89,0.34,2.33,0.38,1.30,1.30,0.23,1.53,1.53,1.60,0.26
6521,Yerry Mina,Everton,13,891,1,1,0,0.75,0.75,0.14,1.92,1.90,0.08,0.08,0.01,0.09,0.09,0.19,0.19
6681,Harvey Barnes,Leicester,16,1014,1,1,2,3.62,3.62,1.93,7.84,3.35,0.32,0.32,0.17,0.49,0.49,0.70,0.30
6817,Fred,Manchester United,17,1045,1,1,1,0.90,0.90,0.95,7.19,5.62,0.08,0.08,0.08,0.16,0.16,0.62,0.48
6823,Sean Morrison,Cardiff,34,3043,1,1,3,5.05,5.05,3.46,3.24,1.84,0.15,0.15,0.10,0.25,0.25,0.10,0.05
6830,Danny Ward,Cardiff,14,426,1,1,0,0.61,0.61,0.29,0.78,0.23,0.13,0.13,0.06,0.19,0.19,0.16,0.05
6835,Tom Cairney,Fulham,31,2207,1,1,1,1.15,1.15,3.00,8.62,6.14,0.05,0.05,0.12,0.17,0.17,0.35,0.25
6841,Ken Sema,Watford,17,772,1,1,2,0.87,0.87,0.77,3.24,1.64,0.10,0.10,0.09,0.19,0.19,0.38,0.19
6891,Ryan Fredericks,West Ham,15,1077,1,1,0,0.53,0.53,0.51,2.33,1.68,0.04,0.04,0.04,0.09,0.09,0.20,0.14
6892,Fabián Balbuena,West Ham,23,2013,1,1,0,2.52,2.52,0.15,3.73,3.71,0.11,0.11,0.01,0.12,0.12,0.17,0.17
6928,Kenneth Zohore,Cardiff,19,735,1,1,1,1.62,1.62,0.91,2.49,0.23,0.20,0.20,0.11,0.31,0.31,0.30,0.03
7063,Bernard,Everton,34,2146,1,1,3,2.69,2.69,3.24,9.93,4.96,0.11,0.11,0.14,0.25,0.25,0.42,0.21
7078,Sean Longstaff,Newcastle United,9,694,1,1,0,0.75,0.75,0.60,2.93,2.14,0.10,0.10,0.08,0.18,0.18,0.38,0.28
7120,Kadeem Harris,Cardiff,13,346,1,1,0,0.89,0.89,0.51,1.59,0.22,0.23,0.23,0.13,0.36,0.36,0.41,0.06
7199,Aron Gunnarsson,Cardiff,28,2296,1,1,1,2.36,2.36,1.74,3.35,1.70,0.09,0.09,0.07,0.16,0.16,0.13,0.07
7219,Juninho Bacuna,Huddersfield,21,1418,1,1,0,0.79,0.79,1.40,2.14,1.10,0.05,0.05,0.09,0.14,0.14,0.14,0.07
111,Jannik Vestergaard,Southampton,23,2033,0,0,0,0.68,0.68,0.53,4.75,4.32,0.03,0.03,0.02,0.05,0.05,0.21,0.19
181,Bernd Leno,Arsenal,32,2833,0,0,0,0.00,0.00,0.00,3.04,3.04,0.00,0.00,0.00,0.00,0.00,0.10,0.10
200,Andreas Christensen,Chelsea,8,614,0,0,0,0.00,0.00,0.00,2.41,2.41,0.00,0.00,0.00,0.00,0.00,0.35,0.35
202,Håvard Nordtveit,Fulham,5,361,0,0,1,0.00,0.00,0.12,0.71,0.61,0.00,0.00,0.03,0.03,0.03,0.18,0.15
248,Elias Kachunga,Huddersfield,20,1181,0,0,0,0.98,0.98,0.24,1.66,0.80,0.07,0.07,0.02,0.09,0.09,0.13,0.06
342,Sead Kolasinac,Arsenal,24,1897,0,0,5,0.41,0.41,6.74,11.89,9.12,0.02,0.02,0.32,0.34,0.34,0.56,0.43
455,Artur Boruc,Bournemouth,12,1080,0,0,0,0.00,0.00,0.00,1.50,1.50,0.00,0.00,0.00,0.00,0.00,0.13,0.13
456,Simon Francis,Bournemouth,17,1220,0,0,2,0.12,0.12,0.60,4.56,4.34,0.01,0.01,0.04,0.05,0.05,0.34,0.32
460,Andrew Surman,Bournemouth,18,1440,0,0,0,0.27,0.27,0.48,4.04,3.58,0.02,0.02,0.03,0.05,0.05,0.25,0.22
485,Mamadou Sakho,Crystal Palace,27,2418,0,0,0,0.83,0.83,0.19,5.20,5.18,0.03,0.03,0.01,0.04,0.04,0.19,0.19
486,Adam Lallana,Liverpool,13,459,0,0,0,0.30,0.30,0.54,1.74,1.26,0.06,0.06,0.11,0.17,0.17,0.34,0.25
491,Petr Cech,Arsenal,7,587,0,0,0,0.00,0.00,0.00,0.53,0.53,0.00,0.00,0.00,0.00,0.00,0.08,0.08
492,Héctor Bellerín,Arsenal,19,1539,0,0,5,0.96,0.96,2.46,8.64,5.91,0.06,0.06,0.14,0.20,0.20,0.51,0.35
496,Mohamed Elneny,Arsenal,8,383,0,0,0,0.45,0.45,0.22,2.37,1.88,0.11,0.11,0.05,0.16,0.16,0.56,0.44
509,Wayne Hennessey,Crystal Palace,18,1576,0,0,0,0.00,0.00,0.00,1.17,1.17,0.00,0.00,0.00,0.00,0.00,0.07,0.07
512,Scott Dann,Crystal Palace,10,658,0,0,1,0.20,0.20,1.16,0.64,0.64,0.03,0.03,0.16,0.19,0.19,0.09,0.09
513,Pape Souaré,Crystal Palace,1,1,0,0,0,0.00,0.00,0.00,0.00,0.00,0.00,0.00,0.00,0.00,0.00,0.00,0.00
514,Jason Puncheon,Crystal Palace,11,389,0,0,0,0.61,0.61,0.84,1.36,0.31,0.14,0.14,0.20,0.34,0.34,0.32,0.07
519,Connor Wickham,Crystal Palace,6,56,0,0,1,0.34,0.34,0.39,0.66,0.14,0.55,0.55,0.63,1.18,1.18,1.06,0.23
520,Bakary Sako,Crystal Palace,4,19,0,0,0,0.00,0.00,0.00,0.00,0.00,0.00,0.00,0.00,0.00,0.00,0.00,0.00
523,Julian Speroni,Crystal Palace,1,90,0,0,0,0.00,0.00,0.00,0.00,0.00,0.00,0.00,0.00,0.00,0.00,0.00,0.00
524,Adrian Mariappa,Watford,26,1921,0,0,0,1.39,1.39,0.70,3.52,3.41,0.06,0.06,0.03,0.10,0.10,0.16,0.16
525,Martin Kelly,Crystal Palace,13,1109,0,0,0,0.77,0.77,0.02,0.70,0.68,0.06,0.06,0.00,0.06,0.06,0.06,0.06
532,Cheikhou Kouyaté,Crystal Palace,31,1900,0,0,2,1.63,1.63,0.89,4.05,2.87,0.08,0.08,0.04,0.12,0.12,0.19,0.14
534,Aaron Cresswell,West Ham,20,1586,0,0,1,0.42,0.42,0.94,2.04,1.58,0.02,0.02,0.05,0.08,0.08,0.12,0.09
537,Andy Carroll,West Ham,12,438,0,0,0,1.98,1.98,0.28,2.81,1.07,0.41,0.41,0.06,0.46,0.46,0.58,0.22
541,Victor Moses,Chelsea,2,24,0,0,0,0.00,0.00,0.11,0.11,0.00,0.00,0.00,0.40,0.40,0.40,0.40,0.00
542,Pedro Obiang,West Ham,24,1112,0,0,1,0.56,0.56,1.14,4.14,3.12,0.05,0.05,0.09,0.14,0.14,0.33,0.25
546,David de Gea,Manchester United,38,3420,0,0,0,0.00,0.00,0.00,3.33,3.33,0.00,0.00,0.00,0.00,0.00,0.09,0.09
549,Timothy Fosu-Mensah,Fulham,12,797,0,0,0,0.08,0.08,0.37,2.70,2.28,0.01,0.01,0.04,0.05,0.05,0.30,0.26
550,Marcos Rojo,Manchester United,5,208,0,0,0,0.24,0.24,0.00,0.74,0.71,0.10,0.10,0.00,0.10,0.10,0.32,0.31
551,Morgan Schneiderlin,Everton,14,831,0,0,1,0.10,0.10,0.80,1.98,1.75,0.01,0.01,0.09,0.10,0.10,0.21,0.19
557,Matteo Darmian,Manchester United,6,447,0,0,0,0.03,0.03,0.05,0.58,0.53,0.01,0.01,0.01,0.02,0.02,0.12,0.11
566,Sebastian Prödl,Watford,1,13,0,0,0,0.00,0.00,0.00,0.00,0.00,0.00,0.00,0.00,0.00,0.00,0.00,0.00
567,Miguel Britos,Watford,3,185,0,0,0,0.00,0.00,0.00,0.10,0.10,0.00,0.00,0.00,0.00,0.00,0.05,0.05
586,John Stones,Manchester City,24,1763,0,0,0,0.16,0.16,0.22,10.33,10.24,0.01,0.01,0.01,0.02,0.02,0.53,0.52
588,Leighton Baines,Everton,6,375,0,0,0,0.08,0.08,0.08,0.81,0.79,0.02,0.02,0.02,0.04,0.04,0.19,0.19
589,James McCarthy,Everton,1,11,0,0,0,0.00,0.00,0.00,0.00,0.00,0.00,0.00,0.00,0.00,0.00,0.00,0.00
599,Oumar Niasse,Cardiff,18,1014,0,0,0,3.39,3.39,0.77,4.60,0.84,0.30,0.30,0.07,0.37,0.37,0.41,0.07
603,Nathaniel Clyne,Bournemouth,18,1259,0,0,1,0.26,0.26,0.10,3.33,3.05,0.02,0.02,0.01,0.03,0.03,0.24,0.22
608,Alberto Moreno,Liverpool,2,156,0,0,0,0.02,0.02,0.14,0.57,0.44,0.01,0.01,0.08,0.09,0.09,0.33,0.25
609,Joe Hart,Burnley,19,1710,0,0,0,0.00,0.00,0.02,0.28,0.26,0.00,0.00,0.00,0.00,0.00,0.01,0.01
610,Pablo Zabaleta,West Ham,26,2099,0,0,1,0.16,0.16,1.03,4.34,4.11,0.01,0.01,0.04,0.05,0.05,0.19,0.18
611,Nicolás Otamendi,Manchester City,18,1233,0,0,0,1.18,1.18,0.29,8.13,7.95,0.09,0.09,0.02,0.11,0.11,0.59,0.58
624,Willy Caballero,Chelsea,2,180,0,0,0,0.00,0.00,0.00,0.42,0.42,0.00,0.00,0.00,0.00,0.00,0.21,0.21
627,Antonio Valencia,Manchester United,6,465,0,0,0,0.04,0.04,0.53,1.73,1.38,0.01,0.01,0.10,0.11,0.11,0.33,0.27
630,Marouane Fellaini,Manchester United,14,728,0,0,1,0.73,0.73,0.20,2.00,1.28,0.09,0.09,0.03,0.12,0.12,0.25,0.16
635,Alex McCarthy,Southampton,25,2250,0,0,0,0.00,0.00,0.00,1.76,1.76,0.00,0.00,0.00,0.00,0.00,0.07,0.07
636,Luke Dreher,Crystal Palace,1,1,0,0,0,0.00,0.00,0.00,0.00,0.00,0.00,0.00,0.00,0.00,0.00,0.00,0.00
637,Hugo Lloris,Tottenham,33,2970,0,0,0,0.00,0.00,0.00,3.59,3.59,0.00,0.00,0.00,0.00,0.00,0.11,0.11
639,Toby Alderweireld,Tottenham,34,2926,0,0,0,0.99,0.99,0.49,9.22,8.77,0.03,0.03,0.02,0.05,0.05,0.28,0.27
641,Danny Rose,Tottenham,26,1798,0,0,3,0.80,0.80,2.59,4.89,3.09,0.04,0.04,0.13,0.17,0.17,0.24,0.15
642,Mousa Dembélé,Tottenham,10,518,0,0,0,0.03,0.03,0.00,1.99,1.96,0.01,0.01,0.00,0.01,0.01,0.35,0.34
651,Michel Vorm,Tottenham,2,180,0,0,0,0.00,0.00,0.00,0.15,0.15,0.00,0.00,0.00,0.00,0.00,0.08,0.08
660,Ben Davies,Tottenham,27,1831,0,0,0,0.57,0.57,2.25,9.46,7.86,0.03,0.03,0.11,0.14,0.14,0.47,0.39
667,Carlos Sánchez,West Ham,7,233,0,0,0,0.06,0.06,0.05,0.64,0.55,0.02,0.02,0.02,0.04,0.04,0.25,0.21
668,Idrissa Gueye,Everton,33,2828,0,0,2,0.59,0.59,0.93,11.31,10.31,0.02,0.02,0.03,0.05,0.05,0.36,0.33
674,Leandro Bacuna,Cardiff,11,543,0,0,0,0.08,0.08,0.03,0.67,0.58,0.01,0.01,0.00,0.02,0.02,0.11,0.10
686,Cesc Fàbregas,Chelsea,6,167,0,0,0,0.06,0.06,0.22,2.37,2.19,0.03,0.03,0.12,0.15,0.15,1.28,1.18
694,Asmir Begovic,Bournemouth,24,2160,0,0,0,0.00,0.00,0.00,2.49,2.49,0.00,0.00,0.00,0.00,0.00,0.10,0.10
699,Gary Cahill,Chelsea,2,22,0,0,0,0.00,0.00,0.00,0.02,0.02,0.00,0.00,0.00,0.00,0.00,0.06,0.06
706,Lukasz Fabianski,West Ham,38,3420,0,0,0,0.00,0.00,0.08,2.02,1.94,0.00,0.00,0.00,0.00,0.00,0.05,0.05
708,Federico Fernández,Newcastle United,19,1486,0,0,1,0.08,0.08,0.43,2.92,2.65,0.01,0.01,0.03,0.03,0.03,0.18,0.16
723,Ki Sung-yueng,Newcastle United,18,1302,0,0,1,0.15,0.15,1.08,3.22,3.06,0.01,0.01,0.07,0.09,0.09,0.22,0.21
735,Jermain Defoe,Bournemouth,4,13,0,0,0,0.13,0.13,0.00,0.13,0.00,0.91,0.91,0.00,0.91,0.91,0.91,0.00
741,Jordan Pickford,Everton,38,3420,0,0,0,0.00,0.00,0.04,2.38,2.34,0.00,0.00,0.00,0.00,0.00,0.06,0.06
745,Kasper Schmeichel,Leicester,38,3420,0,0,0,0.08,0.08,0.29,3.78,3.49,0.00,0.00,0.01,0.01,0.01,0.10,0.09
746,Danny Simpson,Leicester,6,288,0,0,0,0.00,0.00,0.03,0.33,0.31,0.00,0.00,0.01,0.01,0.01,0.10,0.10
749,Christian Fuchs,Leicester,3,204,0,0,0,0.06,0.06,0.20,0.44,0.24,0.03,0.03,0.09,0.12,0.12,0.19,0.11
754,Shinji Okazaki,Leicester,21,249,0,0,1,0.28,0.28,0.11,1.29,1.07,0.10,0.10,0.04,0.14,0.14,0.47,0.39
759,Daniel Amartey,Leicester,9,637,0,0,0,0.47,0.47,0.11,1.17,1.10,0.07,0.07,0.02,0.08,0.08,0.17,0.16
764,Daryl Janmaat,Watford,18,1524,0,0,2,0.47,0.47,0.58,3.36,2.50,0.03,0.03,0.03,0.06,0.06,0.20,0.15
766,Jamaal Lascelles,Newcastle United,32,2751,0,0,1,0.40,0.40,1.20,3.30,3.29,0.01,0.01,0.04,0.05,0.05,0.11,0.11
772,Moussa Sissoko,Tottenham,29,2344,0,0,3,0.96,0.96,2.79,10.87,8.83,0.04,0.04,0.11,0.14,0.14,0.42,0.34
782,Ben Chilwell,Leicester,36,3240,0,0,4,0.97,0.97,3.07,9.10,7.06,0.03,0.03,0.09,0.11,0.11,0.25,0.20
785,John Ruddy,Wolverhampton Wanderers,1,90,0,0,0,0.00,0.00,0.00,0.00,0.00,0.00,0.00,0.00,0.00,0.00,0.00,0.00
789,Robbie Brady,Burnley,16,701,0,0,1,0.68,0.68,1.03,1.19,0.51,0.09,0.09,0.13,0.22,0.22,0.15,0.07
803,Ben Foster,Watford,38,3420,0,0,0,0.02,0.02,0.21,2.52,2.36,0.00,0.00,0.01,0.01,0.01,0.07,0.06
831,Fraser Forster,Southampton,1,90,0,0,0,0.00,0.00,0.00,0.00,0.00,0.00,0.00,0.00,0.00,0.00,0.00,0.00
845,Maya Yoshida,Southampton,17,1520,0,0,1,1.83,1.83,1.07,3.02,2.96,0.11,0.11,0.06,0.17,0.17,0.18,0.18
853,Paul Dummett,Newcastle United,26,1976,0,0,0,0.28,0.28,0.35,3.78,3.46,0.01,0.01,0.02,0.03,0.03,0.17,0.16
857,Phil Bardsley,Burnley,19,1677,0,0,0,0.25,0.25,1.29,3.91,2.85,0.01,0.01,0.07,0.08,0.08,0.21,0.15
872,Peter Crouch,Burnley,6,73,0,0,0,0.61,0.61,0.00,0.95,0.47,0.75,0.75,0.00,0.75,0.75,1.17,0.58
876,Fabian Delph,Manchester City,11,723,0,0,1,0.07,0.07,0.39,4.90,4.83,0.01,0.01,0.05,0.06,0.06,0.61,0.60
877,Samir Nasri,West Ham,5,244,0,0,2,0.13,0.13,0.55,0.61,0.40,0.05,0.05,0.20,0.25,0.25,0.23,0.15
881,Harry Arter,Cardiff,25,2033,0,0,1,0.80,0.80,0.72,3.28,2.35,0.04,0.04,0.03,0.07,0.07,0.15,0.10
883,Steven Davis,Southampton,3,96,0,0,1,0.00,0.00,0.45,0.53,0.13,0.00,0.00,0.42,0.42,0.42,0.50,0.12
885,Kyle Walker-Peters,Tottenham,6,372,0,0,3,0.35,0.35,0.48,2.07,1.43,0.08,0.08,0.12,0.20,0.20,0.50,0.34
938,Carl Jenkinson,Arsenal,3,166,0,0,0,0.00,0.00,0.06,1.23,1.23,0.00,0.00,0.03,0.03,0.03,0.67,0.67
951,Phil Jones,Manchester United,18,1266,0,0,1,0.55,0.55,0.82,3.82,3.56,0.04,0.04,0.06,0.10,0.10,0.27,0.25
959,Joe Bennett,Cardiff,30,2648,0,0,1,0.52,0.52,0.80,1.59,0.76,0.02,0.02,0.03,0.04,0.04,0.05,0.03
966,Alex Oxlade-Chamberlain,Liverpool,2,17,0,0,0,0.47,0.47,0.12,1.37,1.26,2.47,2.47,0.61,3.08,3.08,7.27,6.65
973,Paulo Gazzaniga,Tottenham,3,270,0,0,0,0.00,0.00,0.00,0.44,0.44,0.00,0.00,0.00,0.00,0.00,0.15,0.15
985,Mason Holgate,Everton,5,407,0,0,0,0.00,0.00,0.00,0.68,0.68,0.00,0.00,0.00,0.00,0.00,0.15,0.15
987,Joseph Gomez,Liverpool,16,1052,0,0,0,0.23,0.23,0.42,5.06,4.75,0.02,0.02,0.04,0.06,0.06,0.43,0.41
1024,Tyrone Mings,Bournemouth,5,137,0,0,0,0.00,0.00,0.06,0.06,0.06,0.00,0.00,0.04,0.04,0.04,0.04,0.04
1036,Jack Wilshere,West Ham,8,384,0,0,1,0.18,0.18,0.53,1.10,0.63,0.04,0.04,0.13,0.17,0.17,0.26,0.15
1042,Tom Davies,Everton,16,973,0,0,0,0.31,0.31,0.59,3.37,2.66,0.03,0.03,0.05,0.08,0.08,0.31,0.25
1084,Jonjoe Kenny,Everton,10,791,0,0,1,0.09,0.09,0.84,2.84,1.96,0.01,0.01,0.10,0.11,0.11,0.32,0.22
1178,Davide Zappacosta,Chelsea,4,119,0,0,0,0.15,0.15,0.13,1.04,0.75,0.12,0.12,0.10,0.21,0.21,0.78,0.57
1181,Antonio Barreca,Newcastle United,1,3,0,0,0,0.00,0.00,0.00,0.00,0.00,0.00,0.00,0.00,0.00,0.00,0.00,0.00
1203,Wesley Hoedt,Southampton,13,1170,0,0,0,0.59,0.59,0.02,1.94,1.93,0.05,0.05,0.00,0.05,0.05,0.15,0.15
1245,Emerson,Chelsea,10,653,0,0,0,0.27,0.27,0.60,4.02,4.00,0.04,0.04,0.08,0.12,0.12,0.55,0.55
1257,Alisson,Liverpool,38,3420,0,0,0,0.00,0.00,0.00,7.61,7.61,0.00,0.00,0.00,0.00,0.00,0.20,0.20
1303,Stephan Lichtsteiner,Arsenal,14,953,0,0,0,0.02,0.02,0.09,1.66,1.59,0.00,0.00,0.01,0.01,0.01,0.16,0.15
1441,Adam Masina,Watford,14,1004,0,0,1,0.05,0.05,0.69,1.41,1.13,0.00,0.00,0.06,0.07,0.07,0.13,0.10
1651,Tom Heaton,Burnley,19,1710,0,0,0,0.06,0.06,0.04,0.70,0.66,0.00,0.00,0.00,0.01,0.01,0.04,0.03
1652,Matthew Lowton,Burnley,21,1743,0,0,0,0.83,0.83,0.50,3.36,2.31,0.04,0.04,0.03,0.07,0.07,0.17,0.12
1654,Ben Mee,Burnley,38,3420,0,0,2,1.15,1.15,1.52,3.26,3.24,0.03,0.03,0.04,0.07,0.07,0.09,0.09
1655,Stephen Ward,Burnley,3,235,0,0,0,0.08,0.08,0.05,0.06,0.02,0.03,0.03,0.02,0.05,0.05,0.02,0.01
1657,Steven Defour,Burnley,6,459,0,0,0,0.00,0.00,0.05,0.56,0.54,0.00,0.00,0.01,0.01,0.01,0.11,0.11
1677,Nathaniel Chalobah,Watford,9,264,0,0,0,0.08,0.08,0.22,0.88,0.80,0.03,0.03,0.08,0.10,0.10,0.30,0.27
1679,Dominic Solanke,Bournemouth,10,322,0,0,1,0.80,0.80,0.36,1.64,0.63,0.22,0.22,0.10,0.32,0.32,0.46,0.18
1688,Andrew Robertson,Liverpool,36,3223,0,0,11,0.86,0.86,8.06,21.83,16.71,0.02,0.02,0.22,0.25,0.25,0.61,0.47
1719,Javier Manquillo,Newcastle United,18,1098,0,0,3,0.08,0.08,0.68,2.64,1.95,0.01,0.01,0.06,0.06,0.06,0.22,0.16
1725,Christian Kabasele,Watford,21,1585,0,0,0,1.54,1.54,0.18,2.54,2.49,0.09,0.09,0.01,0.10,0.10,0.14,0.14
1727,Alfie Mawson,Fulham,15,1124,0,0,0,0.32,0.32,0.05,1.97,1.97,0.03,0.03,0.00,0.03,0.03,0.16,0.16
1729,Georges-Kévin Nkoudou,Tottenham,1,3,0,0,1,0.00,0.00,0.61,0.61,0.00,0.00,0.00,18.23,18.23,18.23,18.23,0.00
1730,Vincent Janssen,Tottenham,3,34,0,0,0,0.31,0.31,0.00,0.31,0.00,0.81,0.81,0.00,0.81,0.81,0.81,0.00
1739,Eric Bailly,Manchester United,12,639,0,0,0,0.25,0.25,0.00,2.99,2.99,0.04,0.04,0.00,0.04,0.04,0.42,0.42
1747,Kevin Long,Burnley,6,514,0,0,1,0.03,0.03,0.41,0.60,0.19,0.01,0.01,0.07,0.08,0.08,0.10,0.03
1749,Rob Holding,Arsenal,10,807,0,0,0,0.12,0.12,0.17,2.43,2.42,0.01,0.01,0.02,0.03,0.03,0.27,0.27
1759,Ben Hamer,Huddersfield,7,552,0,0,0,0.00,0.00,0.00,0.09,0.09,0.00,0.00,0.00,0.00,0.00,0.01,0.01
1760,Arthur Masuaku,West Ham,23,1759,0,0,1,0.07,0.07,1.02,3.52,2.97,0.00,0.00,0.05,0.06,0.06,0.18,0.15
1763,Stefano Okaka,Watford,2,18,0,0,0,0.56,0.56,0.15,0.66,0.00,2.78,2.78,0.75,3.52,3.52,3.30,0.00
1764,Ramadan Sobhi,Huddersfield,4,68,0,0,0,0.00,0.00,0.18,0.22,0.04,0.00,0.00,0.23,0.23,0.23,0.29,0.06
1785,Nampalys Mendy,Leicester,31,2085,0,0,0,0.07,0.07,0.22,3.13,3.00,0.00,0.00,0.01,0.01,0.01,0.13,0.13
1789,Lewis Cook,Bournemouth,13,718,0,0,0,0.13,0.13,0.06,2.29,2.15,0.02,0.02,0.01,0.02,0.02,0.29,0.27
1950,Martín Montoya,Brighton,25,2165,0,0,1,0.19,0.19,1.18,4.34,3.64,0.01,0.01,0.05,0.06,0.06,0.18,0.15
2065,Vicente Iborra,Leicester,8,220,0,0,0,0.27,0.27,0.10,0.23,0.23,0.11,0.11,0.04,0.15,0.15,0.09,0.09
2072,Sergio Rico,Fulham,29,2610,0,0,0,0.00,0.00,0.08,2.36,2.29,0.00,0.00,0.00,0.00,0.00,0.08,0.08
2190,Vicente Guaita,Crystal Palace,20,1754,0,0,0,0.00,0.00,0.00,0.56,0.56,0.00,0.00,0.00,0.00,0.00,0.03,0.03
2254,Mateo Kovacic,Chelsea,32,1756,0,0,2,2.02,2.02,2.01,8.76,6.00,0.10,0.10,0.10,0.21,0.21,0.45,0.31
2308,Denis Suárez,Arsenal,4,59,0,0,0,0.00,0.00,0.00,0.04,0.04,0.00,0.00,0.00,0.00,0.00,0.07,0.07
2385,Mat Ryan,Brighton,34,3060,0,0,0,0.00,0.00,0.00,0.95,0.95,0.00,0.00,0.00,0.00,0.00,0.03,0.03
2587,Fabri,Fulham,2,180,0,0,0,0.00,0.00,0.00,0.54,0.54,0.00,0.00,0.00,0.00,0.00,0.27,0.27
2640,Erik Durm,Huddersfield,28,2049,0,0,1,0.28,0.28,0.47,2.40,1.89,0.01,0.01,0.02,0.03,0.03,0.11,0.08
2958,Oleksandr Zinchenko,Manchester City,14,1153,0,0,3,0.21,0.21,1.72,9.43,8.52,0.02,0.02,0.13,0.15,0.15,0.74,0.67
3304,Maxime Le Marchand,Fulham,26,2251,0,0,1,0.16,0.16,0.81,5.66,5.06,0.01,0.01,0.03,0.04,0.04,0.23,0.20
3389,Benjamin Mendy,Manchester City,10,900,0,0,5,0.23,0.23,2.05,8.10,6.81,0.02,0.02,0.20,0.23,0.23,0.81,0.68
3468,Jonas Lössl,Huddersfield,31,2778,0,0,1,0.00,0.00,0.39,1.29,0.92,0.00,0.00,0.01,0.01,0.01,0.04,0.03
3600,Serge Aurier,Tottenham,8,566,0,0,2,0.14,0.14,1.26,3.32,2.51,0.02,0.02,0.20,0.22,0.22,0.53,0.40
4406,Lazar Markovic,Fulham,1,42,0,0,0,0.00,0.00,0.01,0.01,0.00,0.00,0.00,0.03,0.03,0.03,0.03,0.00
4467,Jazz Richards,Cardiff,4,117,0,0,0,0.00,0.00,0.00,0.00,0.00,0.00,0.00,0.00,0.00,0.00,0.00,0.00
4471,Mohamed Diamé,Newcastle United,29,2172,0,0,0,1.05,1.05,0.13,5.13,4.39,0.04,0.04,0.01,0.05,0.05,0.21,0.18
4483,Sam Gallagher,Southampton,4,30,0,0,0,0.00,0.00,0.00,0.00,0.00,0.00,0.00,0.00,0.00,0.00,0.00,0.00
4883,Bruno Ecuele Manga,Cardiff,38,3374,0,0,1,1.21,1.21,0.29,1.07,0.93,0.03,0.03,0.01,0.04,0.04,0.03,0.02
5061,Kepa,Chelsea,36,3240,0,0,0,0.00,0.00,0.00,5.42,5.42,0.00,0.00,0.00,0.00,0.00,0.15,0.15
5065,Diego Rico,Bournemouth,12,600,0,0,0,0.18,0.18,1.22,1.26,0.66,0.03,0.03,0.18,0.21,0.21,0.19,0.10
5073,Florian Lejeune,Newcastle United,12,1057,0,0,0,0.28,0.28,0.29,2.35,2.28,0.02,0.02,0.02,0.05,0.05,0.20,0.19
5085,Marc Navarro,Watford,2,87,0,0,0,0.00,0.00,0.00,0.00,0.00,0.00,0.00,0.00,0.00,0.00,0.00,0.00
5215,Florent Hadergjonaj,Huddersfield,24,1843,0,0,0,0.22,0.22,1.38,2.31,1.37,0.01,0.01,0.07,0.08,0.08,0.11,0.07
5245,Bernardo,Brighton,22,1740,0,0,1,0.35,0.35,0.58,2.30,1.72,0.02,0.02,0.03,0.05,0.05,0.12,0.09
5264,Caglar Söyüncü,Leicester,6,373,0,0,0,0.06,0.06,0.00,0.52,0.52,0.01,0.01,0.00,0.01,0.01,0.13,0.13
5544,Angus Gunn,Southampton,12,1080,0,0,0,0.00,0.00,0.00,0.33,0.33,0.00,0.00,0.00,0.00,0.00,0.03,0.03
5556,Ademola Lookman,Everton,21,575,0,0,2,1.57,1.57,1.61,4.34,2.20,0.25,0.25,0.25,0.50,0.50,0.68,0.34
5565,Josh Sims,Southampton,7,205,0,0,1,0.77,0.77,0.70,1.88,0.41,0.34,0.34,0.31,0.64,0.64,0.83,0.18
5584,Aaron Wan-Bissaka,Crystal Palace,35,3136,0,0,3,0.37,0.37,2.29,7.10,5.10,0.01,0.01,0.07,0.08,0.08,0.20,0.15
5598,Angel Gomes,Manchester United,2,23,0,0,0,0.11,0.11,0.00,0.28,0.17,0.42,0.42,0.00,0.42,0.42,1.10,0.68
5602,Sam Surridge,Bournemouth,2,9,0,0,0,0.38,0.38,0.04,0.42,0.00,3.79,3.79,0.38,4.17,4.17,4.17,0.00
5609,Yves Bissouma,Brighton,28,1757,0,0,0,1.78,1.78,0.99,4.98,3.18,0.09,0.09,0.05,0.14,0.14,0.25,0.16
5740,Adama Diakhaby,Huddersfield,12,560,0,0,0,0.87,0.87,0.54,1.32,0.28,0.14,0.14,0.09,0.23,0.23,0.21,0.04
5759,Matteo Guendouzi,Arsenal,33,2132,0,0,0,0.48,0.48,1.50,13.77,12.15,0.02,0.02,0.06,0.08,0.08,0.58,0.51
5767,Fousseni Diabate,Leicester,1,55,0,0,0,0.00,0.00,0.08,0.08,0.00,0.00,0.00,0.12,0.12,0.12,0.12,0.00
6029,Tommy Smith,Huddersfield,15,1138,0,0,0,0.08,0.08,0.39,1.17,0.83,0.01,0.01,0.03,0.04,0.04,0.09,0.07
6032,Chris Löwe,Huddersfield,29,2052,0,0,2,0.49,0.49,1.78,3.10,1.60,0.02,0.02,0.08,0.10,0.10,0.14,0.07
6035,Collin Quaner,Huddersfield,2,34,0,0,0,0.00,0.00,0.10,0.11,0.11,0.00,0.00,0.26,0.26,0.26,0.29,0.29
6036,Rajiv van La Parra,Huddersfield,5,411,0,0,0,0.24,0.24,0.07,0.39,0.10,0.05,0.05,0.02,0.07,0.07,0.09,0.02
6037,Danny Williams,Huddersfield,5,94,0,0,0,0.02,0.02,0.03,0.08,0.07,0.01,0.01,0.03,0.04,0.04,0.08,0.07
6038,Laurent Depoitre,Huddersfield,23,1039,0,0,1,2.67,2.67,0.46,2.73,0.09,0.23,0.23,0.04,0.27,0.27,0.24,0.01
6041,Joel Coleman,Huddersfield,1,90,0,0,0,0.00,0.00,0.00,0.00,0.00,0.00,0.00,0.00,0.00,0.00,0.00,0.00
6042,Jan Bednarek,Southampton,25,2150,0,0,1,0.84,0.84,0.62,4.16,3.65,0.04,0.04,0.03,0.06,0.06,0.17,0.15
6044,Charlie Taylor,Burnley,38,3238,0,0,1,0.11,0.11,1.45,4.40,3.86,0.00,0.00,0.04,0.04,0.04,0.12,0.11
6046,Bruno,Brighton,14,1150,0,0,1,0.07,0.07,0.59,2.22,1.70,0.01,0.01,0.05,0.05,0.05,0.17,0.13
6054,Ederson,Manchester City,38,3420,0,0,1,0.00,0.00,0.07,7.60,7.55,0.00,0.00,0.00,0.00,0.00,0.20,0.20
6063,Jacob Murphy,Newcastle United,9,293,0,0,1,0.03,0.03,0.61,0.64,0.00,0.01,0.01,0.19,0.20,0.20,0.20,0.00
6105,Gaëtan Bong,Brighton,22,1802,0,0,0,0.07,0.07,0.48,3.71,3.53,0.00,0.00,0.02,0.03,0.03,0.19,0.18
6231,José Izquierdo,Brighton,15,803,0,0,1,0.62,0.62,0.47,1.14,0.31,0.07,0.07,0.05,0.12,0.12,0.13,0.03
6296,Abdelhamid Sabiri,Huddersfield,2,51,0,0,0,0.00,0.00,0.00,0.03,0.03,0.00,0.00,0.00,0.00,0.00,0.05,0.05
6301,Jonathan Hogg,Huddersfield,29,2392,0,0,1,0.26,0.26,0.73,2.72,2.15,0.01,0.01,0.03,0.04,0.04,0.10,0.08
6410,Jack Simpson,Bournemouth,6,407,0,0,0,0.37,0.37,0.00,0.35,0.35,0.08,0.08,0.00,0.08,0.08,0.08,0.08
6418,Hamza Choudhury,Leicester,9,597,0,0,0,0.47,0.47,0.51,1.99,1.07,0.07,0.07,0.08,0.15,0.15,0.30,0.16
6424,Ben Johnson,West Ham,1,64,0,0,0,0.00,0.00,0.00,0.00,0.00,0.00,0.00,0.00,0.00,0.00,0.00,0.00
6434,Franck Zambo,Fulham,22,1515,0,0,0,0.65,0.65,0.25,6.87,6.33,0.04,0.04,0.01,0.05,0.05,0.41,0.38
6456,Callum Hudson-Odoi,Chelsea,10,390,0,0,1,0.99,0.99,1.57,3.42,1.08,0.23,0.23,0.36,0.59,0.59,0.79,0.25
6457,Emerson Hyndman,Bournemouth,1,34,0,0,0,0.00,0.00,0.00,0.05,0.05,0.00,0.00,0.00,0.00,0.00,0.14,0.14
6464,Adrien Silva,Leicester,2,86,0,0,0,0.00,0.00,0.00,0.12,0.12,0.00,0.00,0.00,0.00,0.00,0.12,0.12
6531,Alexander Sørloth,Crystal Palace,12,156,0,0,0,0.46,0.46,0.69,1.22,0.19,0.26,0.26,0.40,0.66,0.66,0.70,0.11
6532,Martin Dubravka,Newcastle United,38,3420,0,0,0,0.00,0.00,0.00,3.69,3.69,0.00,0.00,0.00,0.00,0.00,0.10,0.10
6630,Joe Willock,Arsenal,2,66,0,0,0,0.13,0.13,0.00,0.13,0.00,0.18,0.18,0.00,0.18,0.18,0.18,0.00
6651,Grady Diangana,West Ham,17,602,0,0,1,0.64,0.64,1.22,2.30,1.25,0.10,0.10,0.18,0.28,0.28,0.34,0.19
6666,Rafael Camacho,Liverpool,1,1,0,0,0,0.00,0.00,0.00,0.00,0.00,0.00,0.00,0.00,0.00,0.00,0.00,0.00
6722,Konstantinos Mavropanos,Arsenal,4,149,0,0,0,0.10,0.10,0.57,0.33,0.33,0.06,0.06,0.34,0.40,0.40,0.20,0.20
6819,Luke Amos,Tottenham,1,1,0,0,0,0.00,0.00,0.00,0.00,0.00,0.00,0.00,0.00,0.00,0.00,0.00,0.00
6821,Neil Etheridge,Cardiff,38,3420,0,0,0,0.00,0.00,0.09,1.57,1.47,0.00,0.00,0.00,0.00,0.00,0.04,0.04
6822,Lee Peltier,Cardiff,20,1539,0,0,0,0.04,0.04,0.07,1.67,1.65,0.00,0.00,0.00,0.01,0.01,0.10,0.10
6825,Joe Ralls,Cardiff,28,1961,0,0,0,1.37,0.61,3.60,3.72,2.59,0.06,0.03,0.17,0.23,0.19,0.17,0.12
6829,Gary Madine,Cardiff,5,23,0,0,0,0.00,0.00,0.00,0.06,0.06,0.00,0.00,0.00,0.00,0.00,0.25,0.25
6831,Greg Cunningham,Cardiff,7,630,0,0,0,0.07,0.07,0.22,0.43,0.26,0.01,0.01,0.03,0.04,0.04,0.06,0.04
6833,Cyrus Christie,Fulham,28,1932,0,0,1,0.39,0.39,1.20,4.81,4.05,0.02,0.02,0.06,0.07,0.07,0.22,0.19
6834,Joe Bryan,Fulham,28,2364,0,0,1,0.55,0.55,4.40,7.16,4.91,0.02,0.02,0.17,0.19,0.19,0.27,0.19
6836,Kevin McDonald,Fulham,15,843,0,0,0,0.11,0.11,0.10,1.97,1.83,0.01,0.01,0.01,0.02,0.02,0.21,0.20
6838,Stefan Johansen,Fulham,12,406,0,0,0,0.04,0.04,0.05,0.77,0.72,0.01,0.01,0.01,0.02,0.02,0.17,0.16
6839,Ibrahima Cissé,Fulham,3,85,0,0,0,0.00,0.00,0.00,0.02,0.02,0.00,0.00,0.00,0.00,0.00,0.02,0.02
6840,Neeskens Kebano,Fulham,7,93,0,0,0,0.05,0.05,0.00,0.09,0.04,0.05,0.05,0.00,0.05,0.05,0.09,0.04
6842,Alireza Jahanbakhsh,Brighton,19,1021,0,0,0,0.70,0.70,0.19,1.11,0.45,0.06,0.06,0.02,0.08,0.08,0.10,0.04
6843,David Button,Brighton,4,360,0,0,0,0.00,0.00,0.00,0.13,0.13,0.00,0.00,0.00,0.00,0.00,0.03,0.03
6849,Rui Patrício,Wolverhampton Wanderers,37,3330,0,0,0,0.00,0.00,0.00,1.18,1.18,0.00,0.00,0.00,0.00,0.00,0.03,0.03
6851,Conor Coady,Wolverhampton Wanderers,38,3420,0,0,0,0.00,0.00,0.01,6.79,6.78,0.00,0.00,0.00,0.00,0.00,0.18,0.18
6855,Léo Bonatini,Wolverhampton Wanderers,7,117,0,0,1,1.55,1.55,0.16,2.56,0.92,1.19,1.19,0.12,1.31,1.31,1.97,0.71
6856,Rúben Vinagre,Wolverhampton Wanderers,17,697,0,0,0,0.45,0.45,0.87,3.11,1.94,0.06,0.06,0.11,0.17,0.17,0.40,0.25
6857,Morgan Gibbs-White,Wolverhampton Wanderers,26,628,0,0,1,0.99,0.99,1.30,3.63,1.96,0.14,0.14,0.19,0.33,0.33,0.52,0.28
6894,Mohamed Elyounoussi,Southampton,16,786,0,0,0,2.21,2.21,1.14,3.53,1.05,0.25,0.25,0.13,0.38,0.38,0.40,0.12
7076,Marcus Bettinelli,Fulham,7,630,0,0,0,0.00,0.00,0.00,0.39,0.39,0.00,0.00,0.00,0.00,0.00,0.06,0.06
7077,Denis Odoi,Fulham,31,2591,0,0,1,0.72,0.72,0.57,4.54,4.09,0.03,0.03,0.02,0.04,0.04,0.16,0.14
7184,Tim Ream,Fulham,26,2057,0,0,0,0.02,0.02,0.24,2.76,2.52,0.00,0.00,0.01,0.01,0.01,0.12,0.11
7198,Oliver Skipp,Tottenham,8,207,0,0,0,0.06,0.06,0.03,0.48,0.48,0.02,0.02,0.01,0.04,0.04,0.21,0.21
7215,Loïc Damour,Cardiff,2,17,0,0,0,0.03,0.03,0.00,0.45,0.42,0.17,0.17,0.00,0.17,0.17,2.39,2.22
7216,Ben Wilmot,Watford,2,24,0,0,0,0.00,0.00,0.00,0.09,0.09,0.00,0.00,0.00,0.00,0.00,0.34,0.34
7281,Diogo Dalot,Manchester United,16,1015,0,0,2,0.72,0.72,2.73,4.42,2.37,0.06,0.06,0.24,0.31,0.31,0.39,0.21
7312,Xande Silva,West Ham,1,15,0,0,0,0.07,0.07,0.01,0.08,0.00,0.42,0.42,0.08,0.50,0.50,0.50,0.00
7314,Tyreke Johnson,Southampton,1,1,0,0,0,0.00,0.00,0.00,0.00,0.00,0.00,0.00,0.00,0.00,0.00,0.00,0.00
7322,Bukayo Saka,Arsenal,1,6,0,0,0,0.00,0.00,0.00,0.00,0.00,0.00,0.00,0.00,0.00,0.00,0.00,0.00
7326,Kayne Ramsay,Southampton,1,90,0,0,0,0.00,0.00,0.00,0.00,0.00,0.00,0.00,0.00,0.00,0.00,0.00,0.00
7332,Max Kilman,Wolverhampton Wanderers,1,1,0,0,0,0.00,0.00,0.00,0.00,0.00,0.00,0.00,0.00,0.00,0.00,0.00,0.00
7335,Callum Slattery,Southampton,3,107,0,0,0,0.10,0.10,0.00,0.26,0.16,0.08,0.08,0.00,0.08,0.08,0.22,0.14
7340,Rhys Healey,Cardiff,3,30,0,0,0,0.04,0.04,0.03,0.31,0.23,0.13,0.13,0.10,0.23,0.23,0.92,0.69
7384,Chris Mepham,Bournemouth,13,850,0,0,1,0.05,0.05,0.69,0.96,0.95,0.01,0.01,0.07,0.08,0.08,0.10,0.10
7420,Miguel Almirón,Newcastle United,10,774,0,0,0,1.59,1.59,0.69,3.57,1.51,0.19,0.19,0.08,0.27,0.27,0.42,0.18
7437,Demeaco Duhaney,Huddersfield,1,49,0,0,0,0.00,0.00,0.00,0.00,0.00,0.00,0.00,0.00,0.00,0.00,0.00,0.00
7438,James Garner,Manchester United,1,1,0,0,0,0.00,0.00,0.00,0.00,0.00,0.00,0.00,0.00,0.00,0.00,0.00,0.00
7439,Tahith Chong,Manchester United,2,35,0,0,0,0.29,0.29,0.00,0.49,0.20,0.76,0.76,0.00,0.76,0.76,1.26,0.51
7458,Matty Daly,Huddersfield,2,71,0,0,0,0.00,0.00,0.00,0.00,0.00,0.00,0.00,0.00,0.00,0.00,0.00,0.00
7459,Will Norris,Wolverhampton Wanderers,1,1,0,0,0,0.00,0.00,0.00,0.00,0.00,0.00,0.00,0.00,0.00,0.00,0.00,0.00
7487,Aaron Rowe,Huddersfield,2,68,0,0,0,0.00,0.00,0.00,0.02,0.02,0.00,0.00,0.00,0.00,0.00,0.03,0.03
7490,Mason Greenwood,Manchester United,3,111,0,0,0,0.80,0.80,0.07,1.02,0.69,0.65,0.65,0.06,0.71,0.71,0.83,0.56
7546,Harvey Elliott,Fulham,2,16,0,0,0,0.06,0.06,0.00,0.10,0.04,0.32,0.32,0.00,0.32,0.32,0.54,0.22
7582,Mark Travers,Bournemouth,2,180,0,0,0,0.00,0.00,0.00,0.97,0.97,0.00,0.00,0.00,0.00,0.00,0.48,0.48
